date,PSQ,QQQ,SHV,TLT,GLD
2020-01-02,0.2,0.5,0.3,0.001,0.0
2020-01-03,0.2,0.5,0.3,0.001,0.0
2020-01-06,0.2,0.5,0.3,0.001,0.0
2020-01-07,0.2,0.5,0.3,0.001,0.0
2020-01-08,0.2,0.5,0.3,0.001,0.0
2020-01-09,0.2,0.5,0.3,0.001,0.0
2020-01-10,0.2,0.5,0.3,0.001,0.0
2020-01-13,0.2,0.5,0.3,0.001,0.0
2020-01-14,0.2,0.5,0.3,0.001,0.0
2020-01-15,0.2,0.5,0.3,0.001,0.0
2020-01-16,0.3,0.4,0.301,0.0,0.0
2020-01-17,0.3,0.4,0.3,0.001,0.0
2020-01-21,0.3,0.4,0.3,0.001,0.0
2020-01-22,0.3,0.4,0.3,0.001,0.0
2020-01-23,0.3,0.4,0.3,0.001,0.0
2020-01-24,0.3,0.4,0.301,0.0,0.0
2020-01-27,0.3,0.4,0.301,0.0,0.0
2020-01-28,0.3,0.4,0.301,0.0,0.0
2020-01-29,0.3,0.4,0.301,0.0,0.0
2020-01-30,0.2,0.5,0.301,0.0,0.0
2020-01-31,0.3,0.3,0.401,0.0,0.0
2020-02-03,0.2,0.4,0.401,0.0,0.0
2020-02-04,0.2,0.4,0.401,0.0,0.0
2020-02-05,0.2,0.4,0.401,0.0,0.0
2020-02-06,0.2,0.5,0.301,0.0,0.0
2020-02-07,0.2,0.5,0.301,0.0,0.0
2020-02-10,0.3,0.4,0.301,0.0,0.0
2020-02-11,0.2,0.5,0.301,0.0,0.0
2020-02-12,0.3,0.4,0.301,0.0,0.0
2020-02-13,0.3,0.4,0.301,0.0,0.0
2020-02-14,0.3,0.4,0.301,0.0,0.0
2020-02-18,0.3,0.4,0.301,0.0,0.0
2020-02-19,0.2,0.5,0.301,0.0,0.0
2020-02-20,0.2,0.5,0.301,0.0,0.0
2020-02-21,0.2,0.5,0.301,0.0,0.0
2020-02-24,0.3,0.3,0.401,0.0,0.0
2020-02-25,0.0,0.3,0.699,0.0,0.001
2020-02-26,0.0,0.3,0.699,0.0,0.001
2020-02-27,0.0,0.3,0.699,0.0,0.001
2020-02-28,0.0,0.3,0.699,0.0,0.001
2020-03-02,0.3,0.3,0.401,0.0,0.0
2020-03-03,0.3,0.3,0.401,0.0,0.0
2020-03-04,0.3,0.3,0.401,0.0,0.0
2020-03-05,0.3,0.3,0.401,0.0,0.0
2020-03-06,0.3,0.3,0.401,0.0,0.0
2020-03-09,0.0,0.3,0.699,0.0,0.001
2020-03-10,0.3,0.3,0.401,0.0,0.0
2020-03-11,0.3,0.1,0.6,0.0,0.0
2020-03-12,0.0,0.1,0.899,0.0,0.001
2020-03-13,0.3,0.1,0.6,0.0,0.0
2020-03-16,0.0,0.2,0.799,0.0,0.001
2020-03-17,0.3,0.1,0.6,0.0,0.0
2020-03-18,0.3,0.1,0.6,0.0,0.0
2020-03-19,0.3,0.1,0.6,0.0,0.0
2020-03-20,0.3,0.1,0.6,0.0,0.0
2020-03-23,0.3,0.2,0.5,0.0,0.001
2020-03-24,0.3,0.3,0.401,0.0,0.0
2020-03-25,0.3,0.3,0.401,0.0,0.0
2020-03-26,0.2,0.4,0.401,0.0,0.0
2020-03-27,0.3,0.3,0.401,0.0,0.0
2020-03-30,0.2,0.599,0.201,0.0,0.0
2020-03-31,0.2,0.5,0.301,0.0,0.0
2020-04-01,0.2,0.5,0.301,0.0,0.0
2020-04-02,0.2,0.5,0.301,0.0,0.0
2020-04-03,0.2,0.5,0.301,0.0,0.0
2020-04-06,0.3,0.599,0.101,0.0,0.0
2020-04-07,0.3,0.599,0.101,0.0,0.0
2020-04-08,0.3,0.599,0.101,0.0,0.0
2020-04-09,0.2,0.699,0.101,0.0,0.0
2020-04-13,0.3,0.599,0.101,0.0,0.0
2020-04-14,0.3,0.599,0.101,0.0,0.0
2020-04-15,0.3,0.599,0.101,0.0,0.0
2020-04-16,0.3,0.599,0.101,0.0,0.0
2020-04-17,0.3,0.599,0.101,0.0,0.0
2020-04-20,0.3,0.599,0.101,0.0,0.0
2020-04-21,0.2,0.699,0.101,0.0,0.0
2020-04-22,0.3,0.599,0.101,0.0,0.0
2020-04-23,0.2,0.699,0.101,0.0,0.0
2020-04-24,0.3,0.599,0.101,0.0,0.0
2020-04-27,0.3,0.599,0.101,0.0,0.0
2020-04-28,0.2,0.699,0.101,0.0,0.0
2020-04-29,0.2,0.699,0.101,0.0,0.0
2020-04-30,0.2,0.699,0.101,0.0,0.0
2020-05-01,0.2,0.699,0.101,0.0,0.0
2020-05-04,0.2,0.699,0.101,0.0,0.0
2020-05-05,0.3,0.599,0.101,0.0,0.0
2020-05-06,0.2,0.699,0.101,0.0,0.0
2020-05-07,0.3,0.599,0.101,0.0,0.0
2020-05-08,0.3,0.599,0.101,0.0,0.0
2020-05-11,0.3,0.599,0.101,0.0,0.0
2020-05-12,0.3,0.599,0.101,0.0,0.0
2020-05-13,0.2,0.699,0.101,0.0,0.0
2020-05-14,0.2,0.699,0.101,0.0,0.0
2020-05-15,0.2,0.699,0.101,0.0,0.0
2020-05-18,0.3,0.599,0.101,0.0,0.0
2020-05-19,0.2,0.699,0.101,0.0,0.0
2020-05-20,0.3,0.599,0.101,0.0,0.0
2020-05-21,0.2,0.699,0.101,0.0,0.0
2020-05-22,0.2,0.699,0.101,0.0,0.0
2020-05-26,0.2,0.699,0.101,0.0,0.0
2020-05-27,0.2,0.699,0.101,0.0,0.0
2020-05-28,0.2,0.699,0.101,0.0,0.0
2020-05-29,0.2,0.699,0.101,0.0,0.0
2020-06-01,0.2,0.699,0.101,0.0,0.0
2020-06-02,0.2,0.699,0.101,0.0,0.0
2020-06-03,0.2,0.699,0.101,0.0,0.0
2020-06-04,0.2,0.699,0.101,0.0,0.0
2020-06-05,0.2,0.749,0.05,0.001,0.0
2020-06-08,0.2,0.749,0.05,0.001,0.0
2020-06-09,0.2,0.749,0.051,0.0,0.0
2020-06-10,0.2,0.749,0.05,0.001,0.0
2020-06-11,0.2,0.749,0.051,0.0,0.0
2020-06-12,0.2,0.749,0.051,0.0,0.0
2020-06-15,0.2,0.749,0.051,0.0,0.0
2020-06-16,0.2,0.749,0.051,0.0,0.0
2020-06-17,0.2,0.749,0.051,0.0,0.0
2020-06-18,0.2,0.749,0.051,0.0,0.0
2020-06-19,0.2,0.749,0.051,0.0,0.0
2020-06-22,0.2,0.749,0.051,0.0,0.0
2020-06-23,0.2,0.749,0.051,0.0,0.0
2020-06-24,0.2,0.749,0.051,0.0,0.0
2020-06-25,0.2,0.749,0.051,0.0,0.0
2020-06-26,0.3,0.649,0.051,0.0,0.0
2020-06-29,0.2,0.749,0.051,0.0,0.0
2020-06-30,0.2,0.749,0.051,0.0,0.0
2020-07-01,0.2,0.749,0.051,0.0,0.0
2020-07-02,0.1,0.849,0.051,0.0,0.0
2020-07-06,0.1,0.849,0.051,0.0,0.0
2020-07-07,0.1,0.849,0.051,0.0,0.0
2020-07-08,0.1,0.849,0.051,0.0,0.0
2020-07-09,0.1,0.849,0.051,0.0,0.0
2020-07-10,0.1,0.849,0.051,0.0,0.0
2020-07-13,0.1,0.849,0.051,0.0,0.0
2020-07-14,0.1,0.849,0.051,0.0,0.0
2020-07-15,0.1,0.849,0.051,0.0,0.0
2020-07-16,0.1,0.849,0.051,0.0,0.0
2020-07-17,0.1,0.849,0.051,0.0,0.0
2020-07-20,0.1,0.849,0.051,0.0,0.0
2020-07-21,0.1,0.849,0.051,0.0,0.0
2020-07-22,0.1,0.849,0.051,0.0,0.0
2020-07-23,0.1,0.849,0.051,0.0,0.0
2020-07-24,0.2,0.749,0.051,0.0,0.0
2020-07-27,0.1,0.899,0.001,0.0,0.0
2020-07-28,0.2,0.749,0.051,0.0,0.0
2020-07-29,0.1,0.899,0.001,0.0,0.0
2020-07-30,0.1,0.899,0.001,0.0,0.0
2020-07-31,0.1,0.899,0.001,0.0,0.0
2020-08-03,0.1,0.899,0.001,0.0,0.0
2020-08-04,0.1,0.899,0.0,0.001,0.0
2020-08-05,0.1,0.899,0.001,0.0,0.0
2020-08-06,0.1,0.899,0.001,0.0,0.0
2020-08-07,0.1,0.899,0.0,0.001,0.0
2020-08-10,0.1,0.899,0.0,0.001,0.0
2020-08-11,0.1,0.849,0.051,0.0,0.0
2020-08-12,0.1,0.849,0.051,0.0,0.0
2020-08-13,0.1,0.849,0.051,0.0,0.0
2020-08-14,0.1,0.849,0.051,0.0,0.0
2020-08-17,0.1,0.899,0.0,0.001,0.0
2020-08-18,0.1,0.899,0.0,0.001,0.0
2020-08-19,0.1,0.899,0.001,0.0,0.0
2020-08-20,0.1,0.899,0.001,0.0,0.0
2020-08-21,0.1,0.899,0.001,0.0,0.0
2020-08-24,0.1,0.899,0.001,0.0,0.0
2020-08-25,0.1,0.899,0.001,0.0,0.0
2020-08-26,0.1,0.899,0.0,0.001,0.0
2020-08-27,0.2,0.699,0.1,0.001,0.0
2020-08-28,0.1,0.899,0.0,0.001,0.0
2020-08-31,0.1,0.899,0.0,0.001,0.0
2020-09-01,0.1,0.899,0.0,0.001,0.0
2020-09-02,0.1,0.899,0.0,0.001,0.0
2020-09-03,0.1,0.899,0.001,0.0,0.0
2020-09-04,0.1,0.899,0.001,0.0,0.0
2020-09-08,0.2,0.699,0.101,0.0,0.0
2020-09-09,0.2,0.799,0.001,0.0,0.0
2020-09-10,0.2,0.699,0.101,0.0,0.0
2020-09-11,0.2,0.699,0.101,0.0,0.0
2020-09-14,0.2,0.799,0.001,0.0,0.0
2020-09-15,0.2,0.799,0.001,0.0,0.0
2020-09-16,0.2,0.699,0.101,0.0,0.0
2020-09-17,0.2,0.699,0.101,0.0,0.0
2020-09-18,0.2,0.699,0.101,0.0,0.0
2020-09-21,0.2,0.699,0.101,0.0,0.0
2020-09-22,0.2,0.799,0.001,0.0,0.0
2020-09-23,0.2,0.574,0.226,0.0,0.0
2020-09-24,0.2,0.574,0.226,0.0,0.0
2020-09-25,0.2,0.774,0.026,0.0,0.0
2020-09-28,0.1,0.874,0.026,0.0,0.0
2020-09-29,0.2,0.774,0.026,0.0,0.0
2020-09-30,0.1,0.899,0.001,0.0,0.0
2020-10-01,0.1,0.899,0.001,0.0,0.0
2020-10-02,0.2,0.574,0.226,0.0,0.0
2020-10-05,0.3,0.3,0.401,0.0,0.0
2020-10-06,0.3,0.3,0.401,0.0,0.0
2020-10-07,0.3,0.3,0.401,0.0,0.0
2020-10-08,0.2,0.599,0.201,0.0,0.0
2020-10-09,0.2,0.599,0.201,0.0,0.0
2020-10-12,0.1,0.799,0.101,0.0,0.0
2020-10-13,0.1,0.799,0.101,0.0,0.0
2020-10-14,0.1,0.799,0.101,0.0,0.0
2020-10-15,0.1,0.799,0.101,0.0,0.0
2020-10-16,0.1,0.799,0.101,0.0,0.0
2020-10-19,0.1,0.699,0.201,0.0,0.0
2020-10-20,0.3,0.3,0.401,0.0,0.0
2020-10-21,0.3,0.3,0.401,0.0,0.0
2020-10-22,0.3,0.3,0.401,0.0,0.0
2020-10-23,0.3,0.3,0.401,0.0,0.0
2020-10-26,0.3,0.3,0.401,0.0,0.0
2020-10-27,0.1,0.699,0.201,0.0,0.0
2020-10-28,0.2,0.3,0.5,0.0,0.001
2020-10-29,0.2,0.4,0.401,0.0,0.0
2020-10-30,0.3,0.175,0.525,0.0,0.0
2020-11-02,0.3,0.3,0.401,0.0,0.0
2020-11-03,0.3,0.3,0.401,0.0,0.0
2020-11-04,0.1,0.799,0.101,0.0,0.0
2020-11-05,0.1,0.799,0.101,0.0,0.0
2020-11-06,0.1,0.899,0.001,0.0,0.0
2020-11-09,0.1,0.699,0.201,0.0,0.0
2020-11-10,0.3,0.3,0.401,0.0,0.0
2020-11-11,0.1,0.699,0.201,0.0,0.0
2020-11-12,0.1,0.799,0.101,0.0,0.0
2020-11-13,0.1,0.799,0.101,0.0,0.0
2020-11-16,0.1,0.799,0.1,0.001,0.0
2020-11-17,0.1,0.799,0.101,0.0,0.0
2020-11-18,0.1,0.899,0.001,0.0,0.0
2020-11-19,0.1,0.899,0.001,0.0,0.0
2020-11-20,0.1,0.899,0.001,0.0,0.0
2020-11-23,0.1,0.899,0.001,0.0,0.0
2020-11-24,0.1,0.899,0.001,0.0,0.0
2020-11-25,0.1,0.799,0.101,0.0,0.0
2020-11-27,0.1,0.799,0.101,0.0,0.0
2020-11-30,0.1,0.899,0.001,0.0,0.0
2020-12-01,0.1,0.899,0.001,0.0,0.0
2020-12-02,0.025,0.974,0.001,0.0,0.0
2020-12-03,0.025,0.974,0.001,0.0,0.0
2020-12-04,0.025,0.874,0.101,0.0,0.0
2020-12-07,0.025,0.974,0.001,0.0,0.0
2020-12-08,0.025,0.974,0.001,0.0,0.0
2020-12-09,0.025,0.874,0.101,0.0,0.0
2020-12-10,0.025,0.974,0.001,0.0,0.0
2020-12-11,0.025,0.974,0.001,0.0,0.0
2020-12-14,0.025,0.974,0.001,0.0,0.0
2020-12-15,0.025,0.974,0.001,0.0,0.0
2020-12-16,0.0,0.999,0.001,0.0,0.0
2020-12-17,0.0,0.999,0.001,0.0,0.0
2020-12-18,0.0,0.999,0.001,0.0,0.0
2020-12-21,0.0,0.999,0.001,0.0,0.0
2020-12-22,0.0,0.999,0.001,0.0,0.0
2020-12-23,0.0,0.999,0.001,0.0,0.0
2020-12-24,0.0,0.999,0.001,0.0,0.0
2020-12-28,0.0,0.999,0.001,0.0,0.0
2020-12-29,0.0,0.999,0.001,0.0,0.0
2020-12-30,0.075,0.924,0.001,0.0,0.0
2020-12-31,0.05,0.949,0.001,0.0,0.0
2021-01-04,0.075,0.924,0.001,0.0,0.0
2021-01-05,0.075,0.924,0.001,0.0,0.0
2021-01-06,0.05,0.849,0.101,0.0,0.0
2021-01-07,0.025,0.774,0.201,0.0,0.0
2021-01-08,0.2,0.4,0.401,0.0,0.0
2021-01-11,0.2,0.4,0.401,0.0,0.0
2021-01-12,0.225,0.375,0.4,0.001,0.0
2021-01-13,0.025,0.874,0.1,0.001,0.0
2021-01-14,0.05,0.749,0.2,0.001,0.0
2021-01-15,0.025,0.874,0.101,0.0,0.0
2021-01-19,0.025,0.974,0.001,0.0,0.0
2021-01-20,0.0,0.999,0.001,0.0,0.0
2021-01-21,0.0,0.999,0.001,0.0,0.0
2021-01-22,0.0,0.999,0.001,0.0,0.0
2021-01-25,0.0,0.999,0.001,0.0,0.0
2021-01-26,0.0,0.999,0.001,0.0,0.0
2021-01-27,0.0,0.999,0.001,0.0,0.0
2021-01-28,0.0,0.999,0.001,0.0,0.0
2021-01-29,0.075,0.824,0.101,0.0,0.0
2021-02-01,0.0,0.999,0.001,0.0,0.0
2021-02-02,0.0,0.899,0.101,0.0,0.0
2021-02-03,0.025,0.774,0.201,0.0,0.0
2021-02-04,0.0,0.799,0.201,0.0,0.0
2021-02-05,0.225,0.375,0.401,0.0,0.0
2021-02-08,0.025,0.874,0.101,0.0,0.0
2021-02-09,0.025,0.974,0.001,0.0,0.0
2021-02-10,0.025,0.874,0.101,0.0,0.0
2021-02-11,0.0,0.899,0.101,0.0,0.0
2021-02-12,0.2,0.5,0.301,0.0,0.0
2021-02-16,0.275,0.325,0.401,0.0,0.0
2021-02-17,0.25,0.35,0.401,0.0,0.0
2021-02-18,0.3,0.3,0.401,0.0,0.0
2021-02-19,0.3,0.3,0.401,0.0,0.0
2021-02-22,0.3,0.3,0.401,0.0,0.0
2021-02-23,0.3,0.3,0.401,0.0,0.0
2021-02-24,0.3,0.3,0.4,0.001,0.0
2021-02-25,0.0,0.3,0.699,0.0,0.001
2021-02-26,0.0,0.3,0.699,0.0,0.001
2021-03-01,0.25,0.35,0.401,0.0,0.0
2021-03-02,0.3,0.3,0.401,0.0,0.0
2021-03-03,0.3,0.3,0.401,0.0,0.0
2021-03-04,0.0,0.3,0.699,0.0,0.001
2021-03-05,0.3,0.3,0.401,0.0,0.0
2021-03-08,0.0,0.275,0.724,0.0,0.001
2021-03-09,0.275,0.3,0.426,0.0,0.0
2021-03-10,0.25,0.325,0.426,0.0,0.0
2021-03-11,0.25,0.35,0.401,0.0,0.0
2021-03-12,0.3,0.3,0.401,0.0,0.0
2021-03-15,0.275,0.325,0.401,0.0,0.0
2021-03-16,0.275,0.325,0.401,0.0,0.0
2021-03-17,0.275,0.325,0.401,0.0,0.0
2021-03-18,0.225,0.35,0.426,0.0,0.0
2021-03-19,0.225,0.35,0.426,0.0,0.0
2021-03-22,0.225,0.35,0.426,0.0,0.0
2021-03-23,0.2,0.375,0.426,0.0,0.0
2021-03-24,0.2,0.375,0.426,0.0,0.0
2021-03-25,0.2,0.375,0.426,0.0,0.0
2021-03-26,0.2,0.375,0.425,0.001,0.0
2021-03-29,0.2,0.375,0.425,0.001,0.0
2021-03-30,0.2,0.375,0.426,0.0,0.0
2021-03-31,0.2,0.375,0.426,0.0,0.0
2021-04-01,0.0,0.774,0.226,0.0,0.0
2021-04-05,0.0,0.874,0.126,0.0,0.0
2021-04-06,0.0,0.874,0.126,0.0,0.0
2021-04-07,0.0,0.874,0.126,0.0,0.0
2021-04-08,0.0,0.874,0.126,0.0,0.0
2021-04-09,0.0,0.874,0.126,0.0,0.0
2021-04-12,0.0,0.849,0.151,0.0,0.0
2021-04-13,0.0,0.874,0.126,0.0,0.0
2021-04-14,0.025,0.824,0.151,0.0,0.0
2021-04-15,0.025,0.849,0.126,0.0,0.0
2021-04-16,0.025,0.824,0.15,0.001,0.0
2021-04-19,0.025,0.849,0.126,0.0,0.0
2021-04-20,0.05,0.799,0.151,0.0,0.0
2021-04-21,0.025,0.824,0.151,0.0,0.0
2021-04-22,0.075,0.774,0.151,0.0,0.0
2021-04-23,0.075,0.774,0.151,0.0,0.0
2021-04-26,0.1,0.749,0.151,0.0,0.0
2021-04-27,0.1,0.749,0.151,0.0,0.0
2021-04-28,0.1,0.799,0.101,0.0,0.0
2021-04-29,0.1,0.799,0.101,0.0,0.0
2021-04-30,0.1,0.774,0.126,0.0,0.0
2021-05-03,0.1,0.774,0.126,0.0,0.0
2021-05-04,0.1,0.649,0.251,0.0,0.0
2021-05-05,0.1,0.649,0.251,0.0,0.0
2021-05-06,0.1,0.649,0.251,0.0,0.0
2021-05-07,0.1,0.649,0.25,0.001,0.0
2021-05-10,0.175,0.574,0.25,0.001,0.0
2021-05-11,0.2,0.549,0.251,0.0,0.0
2021-05-12,0.0,0.125,0.874,0.0,0.001
2021-05-13,0.175,0.549,0.276,0.0,0.0
2021-05-14,0.075,0.574,0.351,0.0,0.0
2021-05-17,0.175,0.574,0.251,0.0,0.0
2021-05-18,0.175,0.574,0.251,0.0,0.0
2021-05-19,0.175,0.574,0.251,0.0,0.0
2021-05-20,0.0,0.649,0.351,0.0,0.0
2021-05-21,0.0,0.849,0.151,0.0,0.0
2021-05-24,0.0,0.849,0.151,0.0,0.0
2021-05-25,0.0,0.949,0.051,0.0,0.0
2021-05-26,0.0,0.999,0.001,0.0,0.0
2021-05-27,0.0,0.999,0.001,0.0,0.0
2021-05-28,0.0,0.999,0.001,0.0,0.0
2021-06-01,0.05,0.949,0.001,0.0,0.0
2021-06-02,0.025,0.974,0.001,0.0,0.0
2021-06-03,0.075,0.924,0.001,0.0,0.0
2021-06-04,0.025,0.974,0.001,0.0,0.0
2021-06-07,0.0,0.999,0.001,0.0,0.0
2021-06-08,0.025,0.974,0.001,0.0,0.0
2021-06-09,0.0,0.999,0.001,0.0,0.0
2021-06-10,0.0,0.999,0.001,0.0,0.0
2021-06-11,0.0,0.999,0.001,0.0,0.0
2021-06-14,0.0,0.999,0.001,0.0,0.0
2021-06-15,0.0,0.999,0.001,0.0,0.0
2021-06-16,0.0,0.999,0.001,0.0,0.0
2021-06-17,0.0,0.999,0.001,0.0,0.0
2021-06-18,0.0,0.999,0.001,0.0,0.0
2021-06-21,0.0,0.999,0.001,0.0,0.0
2021-06-22,0.0,0.999,0.001,0.0,0.0
2021-06-23,0.0,0.999,0.001,0.0,0.0
2021-06-24,0.0,0.999,0.001,0.0,0.0
2021-06-25,0.0,0.999,0.001,0.0,0.0
2021-06-28,0.0,0.999,0.001,0.0,0.0
2021-06-29,0.0,0.999,0.001,0.0,0.0
2021-06-30,0.0,0.999,0.001,0.0,0.0
2021-07-01,0.0,0.999,0.001,0.0,0.0
2021-07-02,0.0,0.999,0.0,0.001,0.0
2021-07-06,0.0,0.949,0.05,0.001,0.0
2021-07-07,0.0,0.974,0.025,0.001,0.0
2021-07-08,0.0,0.924,0.076,0.0,0.0
2021-07-09,0.0,0.949,0.051,0.0,0.0
2021-07-12,0.0,0.949,0.051,0.0,0.0
2021-07-13,0.0,0.949,0.051,0.0,0.0
2021-07-14,0.0,0.999,0.0,0.001,0.0
2021-07-15,0.0,0.999,0.001,0.0,0.0
2021-07-16,0.0,0.949,0.051,0.0,0.0
2021-07-19,0.0,0.924,0.076,0.0,0.0
2021-07-20,0.0,0.924,0.076,0.0,0.0
2021-07-21,0.0,0.924,0.076,0.0,0.0
2021-07-22,0.0,0.924,0.076,0.0,0.0
2021-07-23,0.0,0.899,0.101,0.0,0.0
2021-07-26,0.025,0.874,0.101,0.0,0.0
2021-07-27,0.0,0.899,0.101,0.0,0.0
2021-07-28,0.0,0.899,0.101,0.0,0.0
2021-07-29,0.0,0.899,0.101,0.0,0.0
2021-07-30,0.0,0.899,0.101,0.0,0.0
2021-08-02,0.0,0.899,0.101,0.0,0.0
2021-08-03,0.0,0.899,0.101,0.0,0.0
2021-08-04,0.0,0.899,0.101,0.0,0.0
2021-08-05,0.0,0.899,0.101,0.0,0.0
2021-08-06,0.025,0.874,0.101,0.0,0.0
2021-08-09,0.0,0.899,0.101,0.0,0.0
2021-08-10,0.05,0.849,0.101,0.0,0.0
2021-08-11,0.075,0.849,0.076,0.0,0.0
2021-08-12,0.075,0.849,0.076,0.0,0.0
2021-08-13,0.05,0.849,0.101,0.0,0.0
2021-08-16,0.05,0.849,0.101,0.0,0.0
2021-08-17,0.025,0.874,0.101,0.0,0.0
2021-08-18,0.025,0.874,0.101,0.0,0.0
2021-08-19,0.025,0.874,0.101,0.0,0.0
2021-08-20,0.0,0.899,0.101,0.0,0.0
2021-08-23,0.0,0.899,0.101,0.0,0.0
2021-08-24,0.025,0.874,0.101,0.0,0.0
2021-08-25,0.025,0.874,0.101,0.0,0.0
2021-08-26,0.025,0.874,0.101,0.0,0.0
2021-08-27,0.025,0.874,0.101,0.0,0.0
2021-08-30,0.025,0.874,0.101,0.0,0.0
2021-08-31,0.0,0.899,0.101,0.0,0.0
2021-09-01,0.0,0.949,0.051,0.0,0.0
2021-09-02,0.0,0.949,0.051,0.0,0.0
2021-09-03,0.025,0.924,0.051,0.0,0.0
2021-09-07,0.025,0.924,0.051,0.0,0.0
2021-09-08,0.025,0.924,0.051,0.0,0.0
2021-09-09,0.025,0.874,0.101,0.0,0.0
2021-09-10,0.025,0.924,0.051,0.0,0.0
2021-09-13,0.075,0.874,0.051,0.0,0.0
2021-09-14,0.075,0.824,0.101,0.0,0.0
2021-09-15,0.075,0.824,0.101,0.0,0.0
2021-09-16,0.075,0.824,0.101,0.0,0.0
2021-09-17,0.1,0.799,0.101,0.0,0.0
2021-09-20,0.0,0.799,0.2,0.0,0.001
2021-09-21,0.0,0.874,0.125,0.0,0.001
2021-09-22,0.1,0.824,0.076,0.0,0.0
2021-09-23,0.1,0.824,0.076,0.0,0.0
2021-09-24,0.1,0.799,0.101,0.0,0.0
2021-09-27,0.3,0.3,0.401,0.0,0.0
2021-09-28,0.0,0.1,0.899,0.0,0.001
2021-09-29,0.0,0.1,0.899,0.0,0.001
2021-09-30,0.0,0.1,0.899,0.0,0.001
2021-10-01,0.4,0.1,0.5,0.0,0.0
2021-10-04,0.0,0.2,0.799,0.0,0.001
2021-10-05,0.4,0.1,0.5,0.0,0.0
2021-10-06,0.4,0.1,0.5,0.0,0.0
2021-10-07,0.4,0.1,0.5,0.0,0.0
2021-10-08,0.4,0.1,0.5,0.0,0.0
2021-10-11,0.4,0.1,0.5,0.0,0.0
2021-10-12,0.3,0.1,0.6,0.0,0.0
2021-10-13,0.4,0.1,0.5,0.0,0.0
2021-10-14,0.1,0.699,0.201,0.0,0.0
2021-10-15,0.1,0.749,0.151,0.0,0.0
2021-10-18,0.1,0.724,0.176,0.0,0.0
2021-10-19,0.25,0.45,0.301,0.0,0.0
2021-10-20,0.25,0.45,0.301,0.0,0.0
2021-10-21,0.25,0.4,0.351,0.0,0.0
2021-10-22,0.25,0.4,0.351,0.0,0.0
2021-10-25,0.05,0.799,0.151,0.0,0.0
2021-10-26,0.05,0.799,0.151,0.0,0.0
2021-10-27,0.025,0.824,0.151,0.0,0.0
2021-10-28,0.025,0.824,0.151,0.0,0.0
2021-10-29,0.025,0.774,0.201,0.0,0.0
2021-11-01,0.025,0.774,0.201,0.0,0.0
2021-11-02,0.025,0.774,0.201,0.0,0.0
2021-11-03,0.0,0.799,0.2,0.001,0.0
2021-11-04,0.0,0.824,0.175,0.001,0.0
2021-11-05,0.0,0.899,0.1,0.001,0.0
2021-11-08,0.0,0.849,0.15,0.001,0.0
2021-11-09,0.0,0.824,0.175,0.001,0.0
2021-11-10,0.0,0.874,0.126,0.0,0.0
2021-11-11,0.0,0.899,0.101,0.0,0.0
2021-11-12,0.0,0.899,0.101,0.0,0.0
2021-11-15,0.0,0.899,0.101,0.0,0.0
2021-11-16,0.0,0.899,0.101,0.0,0.0
2021-11-17,0.0,0.849,0.151,0.0,0.0
2021-11-18,0.0,0.824,0.176,0.0,0.0
2021-11-19,0.0,0.824,0.176,0.0,0.0
2021-11-22,0.0,0.799,0.201,0.0,0.0
2021-11-23,0.025,0.774,0.201,0.0,0.0
2021-11-24,0.025,0.799,0.176,0.0,0.0
2021-11-26,0.0,0.799,0.201,0.0,0.0
2021-11-29,0.0,0.799,0.201,0.0,0.0
2021-11-30,0.0,0.799,0.201,0.0,0.0
2021-12-01,0.0,0.699,0.301,0.0,0.0
2021-12-02,0.0,0.699,0.301,0.0,0.0
2021-12-03,0.0,0.599,0.401,0.0,0.0
2021-12-06,0.0,0.599,0.401,0.0,0.0
2021-12-07,0.0,0.699,0.301,0.0,0.0
2021-12-08,0.0,0.699,0.301,0.0,0.0
2021-12-09,0.0,0.699,0.301,0.0,0.0
2021-12-10,0.0,0.699,0.301,0.0,0.0
2021-12-13,0.0,0.599,0.401,0.0,0.0
2021-12-14,0.0,0.599,0.401,0.0,0.0
2021-12-15,0.0,0.699,0.3,0.001,0.0
2021-12-16,0.0,0.599,0.4,0.001,0.0
2021-12-17,0.0,0.599,0.401,0.0,0.0
2021-12-20,0.0,0.5,0.5,0.0,0.0
2021-12-21,0.0,0.599,0.401,0.0,0.0
2021-12-22,0.0,0.799,0.201,0.0,0.0
2021-12-23,0.0,0.799,0.201,0.0,0.0
2021-12-27,0.0,0.799,0.201,0.0,0.0
2021-12-28,0.0,0.699,0.301,0.0,0.0
2021-12-29,0.0,0.699,0.301,0.0,0.0
2021-12-30,0.0,0.724,0.276,0.0,0.0
2021-12-31,0.0,0.699,0.301,0.0,0.0
2022-01-03,0.2,0.225,0.575,0.0,0.0
2022-01-04,0.225,0.2,0.574,0.001,0.0
2022-01-05,0.4,0.0,0.599,0.001,0.0
2022-01-06,0.4,0.0,0.6,0.0,0.0
2022-01-07,0.4,0.0,0.6,0.0,0.0
2022-01-10,0.325,0.075,0.6,0.0,0.0
2022-01-11,0.375,0.075,0.55,0.0,0.0
2022-01-12,0.225,0.225,0.55,0.0,0.0
2022-01-13,0.325,0.075,0.6,0.0,0.0
2022-01-14,0.4,0.0,0.6,0.0,0.0
2022-01-18,0.0,0.0,0.999,0.0,0.001
2022-01-19,0.0,0.0,0.999,0.0,0.001
2022-01-20,0.0,0.0,0.999,0.0,0.001
2022-01-21,0.0,0.0,0.999,0.0,0.001
2022-01-24,0.0,0.0,0.999,0.0,0.001
2022-01-25,0.0,0.025,0.974,0.0,0.001
2022-01-26,0.0,0.0,0.999,0.0,0.001
2022-01-27,0.0,0.1,0.899,0.0,0.001
2022-01-28,0.3,0.0,0.7,0.0,0.0
2022-01-31,0.3,0.0,0.7,0.0,0.0
2022-02-01,0.3,0.0,0.7,0.0,0.0
2022-02-02,0.4,0.0,0.6,0.0,0.0
2022-02-03,0.3,0.0,0.7,0.0,0.0
2022-02-04,0.3,0.0,0.7,0.0,0.0
2022-02-07,0.3,0.0,0.7,0.0,0.0
2022-02-08,0.3,0.0,0.7,0.0,0.0
2022-02-09,0.3,0.1,0.6,0.0,0.0
2022-02-10,0.3,0.0,0.7,0.0,0.0
2022-02-11,0.3,0.0,0.7,0.0,0.0
2022-02-14,0.3,0.0,0.7,0.0,0.0
2022-02-15,0.3,0.05,0.65,0.0,0.0
2022-02-16,0.3,0.05,0.65,0.0,0.0
2022-02-17,0.3,0.05,0.65,0.0,0.0
2022-02-18,0.2,0.125,0.675,0.0,0.0
2022-02-22,0.2,0.1,0.7,0.0,0.0
2022-02-23,0.0,0.1,0.899,0.0,0.001
2022-02-24,0.3,0.0,0.7,0.0,0.0
2022-02-25,0.3,0.0,0.7,0.0,0.0
2022-02-28,0.3,0.1,0.6,0.0,0.0
2022-03-01,0.2,0.2,0.6,0.0,0.0
2022-03-02,0.3,0.0,0.7,0.0,0.0
2022-03-03,0.2,0.1,0.7,0.0,0.0
2022-03-04,0.2,0.2,0.6,0.0,0.0
2022-03-07,0.0,0.1,0.899,0.0,0.001
2022-03-08,0.0,0.1,0.899,0.0,0.001
2022-03-09,0.3,0.0,0.7,0.0,0.0
2022-03-10,0.3,0.0,0.7,0.0,0.0
2022-03-11,0.3,0.0,0.7,0.0,0.0
2022-03-14,0.3,0.0,0.7,0.0,0.0
2022-03-15,0.3,0.0,0.7,0.0,0.0
2022-03-16,0.225,0.075,0.7,0.0,0.0
2022-03-17,0.275,0.125,0.6,0.0,0.0
2022-03-18,0.275,0.125,0.6,0.0,0.0
2022-03-21,0.4,0.0,0.6,0.0,0.0
2022-03-22,0.4,0.0,0.6,0.0,0.0
2022-03-23,0.4,0.0,0.6,0.0,0.0
2022-03-24,0.4,0.0,0.6,0.0,0.0
2022-03-25,0.3,0.1,0.6,0.0,0.0
2022-03-28,0.225,0.175,0.6,0.0,0.0
2022-03-29,0.225,0.275,0.5,0.0,0.0
2022-03-30,0.25,0.25,0.5,0.0,0.0
2022-03-31,0.225,0.275,0.5,0.0,0.0
2022-04-01,0.225,0.275,0.5,0.0,0.0
2022-04-04,0.25,0.25,0.5,0.0,0.0
2022-04-05,0.3,0.1,0.6,0.0,0.0
2022-04-06,0.3,0.1,0.6,0.0,0.0
2022-04-07,0.3,0.1,0.599,0.001,0.0
2022-04-08,0.3,0.1,0.599,0.001,0.0
2022-04-11,0.3,0.0,0.7,0.0,0.0
2022-04-12,0.3,0.0,0.7,0.0,0.0
2022-04-13,0.3,0.0,0.699,0.001,0.0
2022-04-14,0.3,0.0,0.699,0.001,0.0
2022-04-18,0.3,0.0,0.7,0.0,0.0
2022-04-19,0.3,0.0,0.7,0.0,0.0
2022-04-20,0.3,0.0,0.699,0.001,0.0
2022-04-21,0.3,0.0,0.699,0.001,0.0
2022-04-22,0.0,0.0,0.999,0.0,0.001
2022-04-25,0.3,0.0,0.7,0.0,0.0
2022-04-26,0.0,0.0,0.999,0.0,0.001
2022-04-27,0.0,0.1,0.899,0.0,0.001
2022-04-28,0.3,0.0,0.7,0.0,0.0
2022-04-29,0.3,0.0,0.7,0.0,0.0
2022-05-02,0.3,0.0,0.7,0.0,0.0
2022-05-03,0.3,0.0,0.7,0.0,0.0
2022-05-04,0.3,0.0,0.7,0.0,0.0
2022-05-05,0.3,0.0,0.7,0.0,0.0
2022-05-06,0.3,0.0,0.7,0.0,0.0
2022-05-09,0.0,0.1,0.899,0.0,0.001
2022-05-10,0.2,0.1,0.7,0.0,0.0
2022-05-11,0.0,0.1,0.899,0.0,0.001
2022-05-12,0.0,0.1,0.899,0.0,0.001
2022-05-13,0.2,0.1,0.7,0.0,0.0
2022-05-16,0.2,0.1,0.7,0.0,0.0
2022-05-17,0.3,0.0,0.7,0.0,0.0
2022-05-18,0.2,0.1,0.7,0.0,0.0
2022-05-19,0.125,0.175,0.7,0.0,0.0
2022-05-20,0.2,0.1,0.7,0.0,0.0
2022-05-23,0.2,0.1,0.7,0.0,0.0
2022-05-24,0.1,0.2,0.7,0.0,0.0
2022-05-25,0.1,0.3,0.6,0.0,0.0
2022-05-26,0.1,0.3,0.6,0.0,0.0
2022-05-27,0.1,0.5,0.401,0.0,0.0
2022-05-31,0.2,0.2,0.6,0.0,0.0
2022-06-01,0.275,0.125,0.6,0.0,0.0
2022-06-02,0.3,0.1,0.6,0.0,0.0
2022-06-03,0.375,0.025,0.6,0.0,0.0
2022-06-06,0.4,0.0,0.6,0.0,0.0
2022-06-07,0.4,0.0,0.6,0.0,0.0
2022-06-08,0.4,0.0,0.6,0.0,0.0
2022-06-09,0.3,0.0,0.7,0.0,0.0
2022-06-10,0.3,0.0,0.7,0.0,0.0
2022-06-13,0.0,0.0,0.999,0.0,0.001
2022-06-14,0.0,0.0,0.999,0.0,0.001
2022-06-15,0.3,0.0,0.7,0.0,0.0
2022-06-16,0.0,0.1,0.899,0.0,0.001
2022-06-17,0.2,0.1,0.699,0.0,0.001
2022-06-21,0.3,0.0,0.7,0.0,0.0
2022-06-22,0.125,0.175,0.7,0.0,0.0
2022-06-23,0.1,0.2,0.7,0.0,0.0
2022-06-24,0.2,0.3,0.5,0.0,0.0
2022-06-27,0.2,0.1,0.7,0.0,0.0
2022-06-28,0.225,0.075,0.7,0.0,0.0
2022-06-29,0.1,0.2,0.7,0.0,0.0
2022-06-30,0.1,0.3,0.6,0.0,0.0
2022-07-01,0.1,0.3,0.6,0.0,0.0
2022-07-05,0.1,0.4,0.5,0.0,0.0
2022-07-06,0.1,0.3,0.6,0.0,0.0
2022-07-07,0.3,0.2,0.5,0.0,0.0
2022-07-08,0.2,0.3,0.5,0.0,0.0
2022-07-11,0.1,0.4,0.5,0.0,0.0
2022-07-12,0.1,0.3,0.6,0.0,0.0
2022-07-13,0.1,0.3,0.6,0.0,0.0
2022-07-14,0.1,0.4,0.5,0.0,0.0
2022-07-15,0.1,0.5,0.401,0.0,0.0
2022-07-18,0.1,0.4,0.5,0.0,0.0
2022-07-19,0.1,0.5,0.401,0.0,0.0
2022-07-20,0.1,0.5,0.401,0.0,0.0
2022-07-21,0.0,0.699,0.301,0.0,0.0
2022-07-22,0.0,0.699,0.301,0.0,0.0
2022-07-25,0.0,0.699,0.301,0.0,0.0
2022-07-26,0.0,0.699,0.301,0.0,0.0
2022-07-27,0.1,0.699,0.201,0.0,0.0
2022-07-28,0.1,0.699,0.201,0.0,0.0
2022-07-29,0.0,0.799,0.201,0.0,0.0
2022-08-01,0.0,0.799,0.201,0.0,0.0
2022-08-02,0.1,0.699,0.201,0.0,0.0
2022-08-03,0.0,0.799,0.201,0.0,0.0
2022-08-04,0.0,0.799,0.201,0.0,0.0
2022-08-05,0.0,0.799,0.201,0.0,0.0
2022-08-08,0.0,0.799,0.201,0.0,0.0
2022-08-09,0.0,0.824,0.176,0.0,0.0
2022-08-10,0.0,0.849,0.151,0.0,0.0
2022-08-11,0.0,0.849,0.151,0.0,0.0
2022-08-12,0.0,0.849,0.15,0.001,0.0
2022-08-15,0.0,0.849,0.15,0.001,0.0
2022-08-16,0.0,0.849,0.15,0.001,0.0
2022-08-17,0.05,0.699,0.251,0.0,0.0
2022-08-18,0.05,0.799,0.151,0.0,0.0
2022-08-19,0.2,0.3,0.5,0.0,0.0
2022-08-22,0.3,0.1,0.6,0.0,0.0
2022-08-23,0.3,0.1,0.6,0.0,0.0
2022-08-24,0.3,0.125,0.575,0.0,0.0
2022-08-25,0.3,0.25,0.451,0.0,0.0
2022-08-26,0.3,0.0,0.7,0.0,0.0
2022-08-29,0.3,0.0,0.7,0.0,0.0
2022-08-30,0.3,0.0,0.7,0.0,0.0
2022-08-31,0.0,0.0,0.999,0.0,0.001
2022-09-01,0.0,0.0,0.999,0.0,0.001
2022-09-02,0.0,0.0,0.999,0.0,0.001
2022-09-06,0.0,0.0,0.999,0.0,0.001
2022-09-07,0.3,0.0,0.7,0.0,0.0
2022-09-08,0.3,0.1,0.6,0.0,0.0
2022-09-09,0.3,0.2,0.5,0.0,0.0
2022-09-12,0.375,0.025,0.6,0.0,0.0
2022-09-13,0.3,0.0,0.7,0.0,0.0
2022-09-14,0.3,0.0,0.7,0.0,0.0
2022-09-15,0.3,0.0,0.7,0.0,0.0
2022-09-16,0.3,0.0,0.7,0.0,0.0
2022-09-19,0.3,0.0,0.7,0.0,0.0
2022-09-20,0.3,0.0,0.7,0.0,0.0
2022-09-21,0.0,0.0,0.999,0.0,0.001
2022-09-22,0.0,0.0,0.999,0.0,0.001
2022-09-23,0.0,0.0,0.999,0.0,0.001
2022-09-26,0.0,0.0,0.999,0.0,0.001
2022-09-27,0.0,0.0,0.999,0.0,0.001
2022-09-28,0.3,0.0,0.7,0.0,0.0
2022-09-29,0.0,0.0,0.999,0.0,0.001
2022-09-30,0.0,0.0,0.999,0.0,0.001
2022-10-03,0.3,0.0,0.7,0.0,0.0
2022-10-04,0.2,0.1,0.7,0.0,0.0
2022-10-05,0.275,0.025,0.7,0.0,0.0
2022-10-06,0.3,0.0,0.7,0.0,0.0
2022-10-07,0.3,0.0,0.7,0.0,0.0
2022-10-10,0.3,0.0,0.7,0.0,0.0
2022-10-11,0.0,0.0,0.999,0.0,0.001
2022-10-12,0.0,0.1,0.899,0.0,0.001
2022-10-13,0.3,0.0,0.7,0.0,0.0
2022-10-14,0.3,0.0,0.7,0.0,0.0
2022-10-17,0.3,0.0,0.7,0.0,0.0
2022-10-18,0.275,0.025,0.7,0.0,0.0
2022-10-19,0.3,0.0,0.7,0.0,0.0
2022-10-20,0.3,0.0,0.7,0.0,0.0
2022-10-21,0.225,0.175,0.6,0.0,0.0
2022-10-24,0.225,0.175,0.6,0.0,0.0
2022-10-25,0.325,0.075,0.6,0.0,0.0
2022-10-26,0.325,0.075,0.6,0.0,0.0
2022-10-27,0.1,0.4,0.5,0.0,0.0
2022-10-28,0.225,0.275,0.5,0.0,0.0
2022-10-31,0.225,0.175,0.6,0.0,0.0
2022-11-01,0.225,0.175,0.6,0.0,0.0
2022-11-02,0.125,0.175,0.7,0.0,0.0
2022-11-03,0.2,0.1,0.7,0.0,0.0
2022-11-04,0.125,0.175,0.7,0.0,0.0
2022-11-07,0.225,0.075,0.7,0.0,0.0
2022-11-08,0.2,0.1,0.7,0.0,0.0
2022-11-09,0.1,0.2,0.7,0.0,0.0
2022-11-10,0.0,0.699,0.301,0.0,0.0
2022-11-11,0.0,0.699,0.301,0.0,0.0
2022-11-14,0.0,0.699,0.301,0.0,0.0
2022-11-15,0.0,0.699,0.301,0.0,0.0
2022-11-16,0.0,0.699,0.301,0.0,0.0
2022-11-17,0.0,0.699,0.301,0.0,0.0
2022-11-18,0.0,0.699,0.301,0.0,0.0
2022-11-21,0.0,0.699,0.301,0.0,0.0
2022-11-22,0.0,0.699,0.301,0.0,0.0
2022-11-23,0.0,0.699,0.3,0.001,0.0
2022-11-25,0.0,0.699,0.3,0.001,0.0
2022-11-28,0.0,0.699,0.301,0.0,0.0
2022-11-29,0.0,0.699,0.301,0.0,0.0
2022-11-30,0.0,0.699,0.3,0.001,0.0
2022-12-01,0.0,0.699,0.301,0.0,0.0
2022-12-02,0.0,0.749,0.251,0.0,0.0
2022-12-05,0.0,0.749,0.251,0.0,0.0
2022-12-06,0.1,0.599,0.301,0.0,0.0
2022-12-07,0.1,0.699,0.201,0.0,0.0
2022-12-08,0.1,0.699,0.201,0.0,0.0
2022-12-09,0.1,0.599,0.301,0.0,0.0
2022-12-12,0.1,0.599,0.301,0.0,0.0
2022-12-13,0.0,0.799,0.201,0.0,0.0
2022-12-14,0.0,0.849,0.151,0.0,0.0
2022-12-15,0.1,0.649,0.251,0.0,0.0
2022-12-16,0.175,0.524,0.301,0.0,0.0
2022-12-19,0.2,0.45,0.351,0.0,0.0
2022-12-20,0.2,0.45,0.351,0.0,0.0
2022-12-21,0.2,0.45,0.351,0.0,0.0
2022-12-22,0.2,0.45,0.351,0.0,0.0
2022-12-23,0.2,0.45,0.351,0.0,0.0
2022-12-27,0.0,0.15,0.849,0.0,0.001
2022-12-28,0.0,0.225,0.774,0.0,0.001
2022-12-29,0.2,0.25,0.55,0.0,0.0
2022-12-30,0.2,0.25,0.55,0.0,0.0
2023-01-03,0.2,0.25,0.55,0.0,0.0
2023-01-04,0.1,0.599,0.301,0.0,0.0
2023-01-05,0.1,0.549,0.351,0.0,0.0
2023-01-06,0.1,0.799,0.101,0.0,0.0
2023-01-09,0.1,0.799,0.101,0.0,0.0
2023-01-10,0.0,0.899,0.101,0.0,0.0
2023-01-11,0.0,0.899,0.101,0.0,0.0
2023-01-12,0.0,0.899,0.101,0.0,0.0
2023-01-13,0.0,0.899,0.101,0.0,0.0
2023-01-17,0.0,0.899,0.101,0.0,0.0
2023-01-18,0.0,0.899,0.101,0.0,0.0
2023-01-19,0.0,0.899,0.101,0.0,0.0
2023-01-20,0.0,0.899,0.101,0.0,0.0
2023-01-23,0.0,0.899,0.101,0.0,0.0
2023-01-24,0.0,0.899,0.101,0.0,0.0
2023-01-25,0.0,0.899,0.101,0.0,0.0
2023-01-26,0.0,0.899,0.101,0.0,0.0
2023-01-27,0.0,0.899,0.101,0.0,0.0
2023-01-30,0.0,0.899,0.101,0.0,0.0
2023-01-31,0.0,0.899,0.101,0.0,0.0
2023-02-01,0.0,0.899,0.101,0.0,0.0
2023-02-02,0.0,0.899,0.101,0.0,0.0
2023-02-03,0.0,0.899,0.101,0.0,0.0
2023-02-06,0.0,0.899,0.101,0.0,0.0
2023-02-07,0.0,0.899,0.101,0.0,0.0
2023-02-08,0.0,0.899,0.101,0.0,0.0
2023-02-09,0.025,0.874,0.101,0.0,0.0
2023-02-10,0.2,0.45,0.351,0.0,0.0
2023-02-13,0.025,0.824,0.151,0.0,0.0
2023-02-14,0.225,0.425,0.351,0.0,0.0
2023-02-15,0.225,0.425,0.351,0.0,0.0
2023-02-16,0.3,0.25,0.451,0.0,0.0
2023-02-17,0.3,0.35,0.351,0.0,0.0
2023-02-21,0.3,0.125,0.575,0.0,0.0
2023-02-22,0.3,0.125,0.575,0.0,0.0
2023-02-23,0.3,0.125,0.575,0.0,0.0
2023-02-24,0.3,0.125,0.575,0.0,0.0
2023-02-27,0.3,0.125,0.575,0.0,0.0
2023-02-28,0.3,0.125,0.575,0.0,0.0
2023-03-01,0.3,0.125,0.575,0.0,0.0
2023-03-02,0.4,0.025,0.575,0.0,0.0
2023-03-03,0.225,0.375,0.401,0.0,0.0
2023-03-06,0.275,0.3,0.426,0.0,0.0
2023-03-07,0.3,0.1,0.6,0.0,0.0
2023-03-08,0.4,0.175,0.426,0.0,0.0
2023-03-09,0.2,0.1,0.7,0.0,0.0
2023-03-10,0.1,0.4,0.5,0.0,0.0
2023-03-13,0.1,0.5,0.4,0.0,0.001
2023-03-14,0.0,0.599,0.401,0.0,0.0
2023-03-15,0.0,0.699,0.301,0.0,0.0
2023-03-16,0.0,0.699,0.301,0.0,0.0
2023-03-17,0.0,0.799,0.201,0.0,0.0
2023-03-20,0.0,0.799,0.201,0.0,0.0
2023-03-21,0.025,0.674,0.301,0.0,0.0
2023-03-22,0.0,0.849,0.151,0.0,0.0
2023-03-23,0.1,0.774,0.126,0.0,0.0
2023-03-24,0.0,0.874,0.126,0.0,0.0
2023-03-27,0.0,0.874,0.126,0.0,0.0
2023-03-28,0.0,0.874,0.126,0.0,0.0
2023-03-29,0.0,0.874,0.126,0.0,0.0
2023-03-30,0.0,0.874,0.126,0.0,0.0
2023-03-31,0.0,0.874,0.126,0.0,0.0
2023-04-03,0.0,0.874,0.126,0.0,0.0
2023-04-04,0.0,0.874,0.126,0.0,0.0
2023-04-05,0.0,0.849,0.151,0.0,0.0
2023-04-06,0.025,0.824,0.151,0.0,0.0
2023-04-10,0.0,0.749,0.251,0.0,0.0
2023-04-11,0.025,0.724,0.25,0.001,0.0
2023-04-12,0.05,0.699,0.251,0.0,0.0
2023-04-13,0.025,0.724,0.251,0.0,0.0
2023-04-14,0.05,0.699,0.251,0.0,0.0
2023-04-17,0.05,0.699,0.251,0.0,0.0
2023-04-18,0.05,0.699,0.251,0.0,0.0
2023-04-19,0.075,0.674,0.251,0.0,0.0
2023-04-20,0.1,0.649,0.251,0.0,0.0
2023-04-21,0.1,0.649,0.251,0.0,0.0
2023-04-24,0.1,0.649,0.25,0.001,0.0
2023-04-25,0.1,0.624,0.276,0.0,0.0
2023-04-26,0.1,0.624,0.276,0.0,0.0
2023-04-27,0.1,0.649,0.251,0.0,0.0
2023-04-28,0.1,0.649,0.251,0.0,0.0
2023-05-01,0.1,0.649,0.251,0.0,0.0
2023-05-02,0.1,0.624,0.276,0.0,0.0
2023-05-03,0.1,0.724,0.176,0.0,0.0
2023-05-04,0.1,0.749,0.151,0.0,0.0
2023-05-05,0.1,0.749,0.151,0.0,0.0
2023-05-08,0.1,0.649,0.251,0.0,0.0
2023-05-09,0.1,0.749,0.151,0.0,0.0
2023-05-10,0.1,0.749,0.151,0.0,0.0
2023-05-11,0.1,0.724,0.176,0.0,0.0
2023-05-12,0.1,0.724,0.176,0.0,0.0
2023-05-15,0.0,0.849,0.151,0.0,0.0
2023-05-16,0.225,0.5,0.276,0.0,0.0
2023-05-17,0.225,0.5,0.276,0.0,0.0
2023-05-18,0.225,0.599,0.176,0.0,0.0
2023-05-19,0.225,0.5,0.276,0.0,0.0
2023-05-22,0.225,0.5,0.276,0.0,0.0
2023-05-23,0.225,0.5,0.276,0.0,0.0
2023-05-24,0.225,0.4,0.376,0.0,0.0
2023-05-25,0.25,0.475,0.276,0.0,0.0
2023-05-26,0.25,0.574,0.176,0.0,0.0
2023-05-30,0.25,0.574,0.176,0.0,0.0
2023-05-31,0.05,0.874,0.076,0.0,0.0
2023-06-01,0.025,0.899,0.076,0.0,0.0
2023-06-02,0.0,0.899,0.101,0.0,0.0
2023-06-05,0.0,0.899,0.101,0.0,0.0
2023-06-06,0.0,0.849,0.151,0.0,0.0
2023-06-07,0.2,0.549,0.251,0.0,0.0
2023-06-08,0.0,0.899,0.101,0.0,0.0
2023-06-09,0.0,0.899,0.101,0.0,0.0
2023-06-12,0.025,0.874,0.101,0.0,0.0
2023-06-13,0.025,0.874,0.101,0.0,0.0
2023-06-14,0.0,0.899,0.1,0.001,0.0
2023-06-15,0.0,0.899,0.1,0.001,0.0
2023-06-16,0.0,0.899,0.101,0.0,0.0
2023-06-20,0.0,0.899,0.101,0.0,0.0
2023-06-21,0.0,0.899,0.101,0.0,0.0
2023-06-22,0.0,0.899,0.101,0.0,0.0
2023-06-23,0.0,0.874,0.126,0.0,0.0
2023-06-26,0.0,0.899,0.101,0.0,0.0
2023-06-27,0.0,0.899,0.101,0.0,0.0
2023-06-28,0.0,0.899,0.101,0.0,0.0
2023-06-29,0.0,0.849,0.151,0.0,0.0
2023-06-30,0.0,0.849,0.151,0.0,0.0
2023-07-03,0.025,0.874,0.101,0.0,0.0
2023-07-05,0.05,0.849,0.101,0.0,0.0
2023-07-06,0.3,0.325,0.376,0.0,0.0
2023-07-07,0.3,0.35,0.351,0.0,0.0
2023-07-10,0.3,0.3,0.401,0.0,0.0
2023-07-11,0.075,0.774,0.151,0.0,0.0
2023-07-12,0.025,0.824,0.151,0.0,0.0
2023-07-13,0.0,0.849,0.151,0.0,0.0
2023-07-14,0.0,0.849,0.151,0.0,0.0
2023-07-17,0.0,0.849,0.151,0.0,0.0
2023-07-18,0.0,0.849,0.15,0.001,0.0
2023-07-19,0.0,0.849,0.15,0.001,0.0
2023-07-20,0.0,0.849,0.15,0.001,0.0
2023-07-21,0.0,0.849,0.15,0.001,0.0
2023-07-24,0.0,0.849,0.15,0.001,0.0
2023-07-25,0.0,0.849,0.15,0.001,0.0
2023-07-26,0.0,0.849,0.15,0.001,0.0
2023-07-27,0.025,0.824,0.151,0.0,0.0
2023-07-28,0.0,0.849,0.151,0.0,0.0
2023-07-31,0.025,0.824,0.151,0.0,0.0
2023-08-01,0.025,0.824,0.151,0.0,0.0
2023-08-02,0.225,0.325,0.451,0.0,0.0
2023-08-03,0.3,0.25,0.451,0.0,0.0
2023-08-04,0.025,0.724,0.251,0.0,0.0
2023-08-07,0.025,0.724,0.251,0.0,0.0
2023-08-08,0.0,0.749,0.251,0.0,0.0
2023-08-09,0.0,0.749,0.251,0.0,0.0
2023-08-10,0.2,0.35,0.451,0.0,0.0
2023-08-11,0.3,0.225,0.476,0.0,0.0
2023-08-14,0.3,0.225,0.476,0.0,0.0
2023-08-15,0.3,0.2,0.5,0.0,0.0
2023-08-16,0.4,0.1,0.5,0.0,0.0
2023-08-17,0.0,0.1,0.899,0.0,0.001
2023-08-18,0.0,0.1,0.899,0.0,0.001
2023-08-21,0.3,0.2,0.5,0.0,0.0
2023-08-22,0.3,0.2,0.5,0.0,0.0
2023-08-23,0.25,0.275,0.476,0.0,0.0
2023-08-24,0.2,0.325,0.476,0.0,0.0
2023-08-25,0.3,0.25,0.451,0.0,0.0
2023-08-28,0.3,0.275,0.426,0.0,0.0
2023-08-29,0.025,0.874,0.101,0.0,0.0
2023-08-30,0.0,0.874,0.126,0.0,0.0
2023-08-31,0.0,0.824,0.176,0.0,0.0
2023-09-01,0.025,0.799,0.176,0.0,0.0
2023-09-05,0.3,0.225,0.476,0.0,0.0
2023-09-06,0.3,0.2,0.5,0.0,0.0
2023-09-07,0.3,0.2,0.5,0.0,0.0
2023-09-08,0.3,0.225,0.476,0.0,0.0
2023-09-11,0.3,0.25,0.451,0.0,0.0
2023-09-12,0.3,0.25,0.451,0.0,0.0
2023-09-13,0.3,0.25,0.451,0.0,0.0
2023-09-14,0.3,0.25,0.451,0.0,0.0
2023-09-15,0.3,0.25,0.451,0.0,0.0
2023-09-18,0.3,0.225,0.476,0.0,0.0
2023-09-19,0.3,0.225,0.476,0.0,0.0
2023-09-20,0.3,0.225,0.476,0.0,0.0
2023-09-21,0.0,0.1,0.899,0.0,0.001
2023-09-22,0.0,0.2,0.799,0.0,0.001
2023-09-25,0.3,0.1,0.6,0.0,0.0
2023-09-26,0.0,0.2,0.799,0.0,0.001
2023-09-27,0.0,0.1,0.899,0.0,0.001
2023-09-28,0.3,0.1,0.6,0.0,0.0
2023-09-29,0.3,0.1,0.6,0.0,0.0
2023-10-02,0.3,0.1,0.6,0.0,0.0
2023-10-03,0.3,0.1,0.599,0.0,0.001
2023-10-04,0.225,0.175,0.6,0.0,0.0
2023-10-05,0.225,0.175,0.6,0.0,0.0
2023-10-06,0.225,0.175,0.6,0.0,0.0
2023-10-09,0.2,0.3,0.5,0.0,0.0
2023-10-10,0.2,0.3,0.5,0.0,0.0
2023-10-11,0.2,0.4,0.401,0.0,0.0
2023-10-12,0.2,0.3,0.5,0.0,0.0
2023-10-13,0.2,0.3,0.5,0.0,0.0
2023-10-16,0.225,0.275,0.5,0.0,0.0
2023-10-17,0.3,0.2,0.5,0.0,0.0
2023-10-18,0.3,0.1,0.6,0.0,0.0
2023-10-19,0.3,0.1,0.6,0.0,0.0
2023-10-20,0.3,0.1,0.6,0.0,0.0
2023-10-23,0.2,0.2,0.6,0.0,0.0
2023-10-24,0.125,0.275,0.6,0.0,0.0
2023-10-25,0.2,0.2,0.6,0.0,0.0
2023-10-26,0.0,0.2,0.799,0.0,0.001
2023-10-27,0.0,0.2,0.799,0.0,0.001
2023-10-30,0.2,0.2,0.6,0.0,0.0
2023-10-31,0.2,0.2,0.6,0.0,0.0
2023-11-01,0.125,0.375,0.5,0.0,0.0
2023-11-02,0.0,0.799,0.201,0.0,0.0
2023-11-03,0.0,0.799,0.201,0.0,0.0
2023-11-06,0.0,0.799,0.201,0.0,0.0
2023-11-07,0.0,0.799,0.201,0.0,0.0
2023-11-08,0.1,0.699,0.201,0.0,0.0
2023-11-09,0.1,0.699,0.201,0.0,0.0
2023-11-10,0.0,0.799,0.201,0.0,0.0
2023-11-13,0.0,0.799,0.201,0.0,0.0
2023-11-14,0.0,0.849,0.151,0.0,0.0
2023-11-15,0.0,0.899,0.101,0.0,0.0
2023-11-16,0.0,0.849,0.151,0.0,0.0
2023-11-17,0.0,0.899,0.101,0.0,0.0
2023-11-20,0.0,0.899,0.101,0.0,0.0
2023-11-21,0.0,0.849,0.151,0.0,0.0
2023-11-22,0.0,0.849,0.151,0.0,0.0
2023-11-24,0.0,0.899,0.1,0.001,0.0
2023-11-27,0.0,0.849,0.151,0.0,0.0
2023-11-28,0.0,0.849,0.151,0.0,0.0
2023-11-29,0.0,0.949,0.051,0.0,0.0
2023-11-30,0.0,0.949,0.05,0.001,0.0
2023-12-01,0.0,0.899,0.1,0.001,0.0
2023-12-04,0.0,0.899,0.1,0.001,0.0
2023-12-05,0.0,0.899,0.101,0.0,0.0
2023-12-06,0.0,0.899,0.101,0.0,0.0
2023-12-07,0.0,0.899,0.101,0.0,0.0
2023-12-08,0.0,0.899,0.101,0.0,0.0
2023-12-11,0.0,0.899,0.101,0.0,0.0
2023-12-12,0.0,0.899,0.101,0.0,0.0
2023-12-13,0.0,0.899,0.1,0.001,0.0
2023-12-14,0.0,0.949,0.05,0.001,0.0
2023-12-15,0.0,0.949,0.05,0.001,0.0
2023-12-18,0.0,0.949,0.05,0.001,0.0
2023-12-19,0.0,0.949,0.05,0.001,0.0
2023-12-20,0.0,0.949,0.051,0.0,0.0
2023-12-21,0.0,0.999,0.001,0.0,0.0
2023-12-22,0.0,0.999,0.001,0.0,0.0
2023-12-26,0.0,0.949,0.051,0.0,0.0
2023-12-27,0.0,0.999,0.001,0.0,0.0
2023-12-28,0.0,0.999,0.001,0.0,0.0
2023-12-29,0.0,0.999,0.001,0.0,0.0
2024-01-02,0.0,0.949,0.051,0.0,0.0
2024-01-03,0.0,0.949,0.051,0.0,0.0
2024-01-04,0.0,0.999,0.001,0.0,0.0
2024-01-05,0.0,0.999,0.001,0.0,0.0
2024-01-08,0.0,0.999,0.001,0.0,0.0
2024-01-09,0.0,0.949,0.051,0.0,0.0
2024-01-10,0.0,0.949,0.051,0.0,0.0
2024-01-11,0.0,0.949,0.051,0.0,0.0
2024-01-12,0.0,0.949,0.051,0.0,0.0
2024-01-16,0.0,0.949,0.051,0.0,0.0
2024-01-17,0.0,0.924,0.076,0.0,0.0
2024-01-18,0.0,0.924,0.076,0.0,0.0
2024-01-19,0.025,0.924,0.051,0.0,0.0
2024-01-22,0.025,0.899,0.076,0.0,0.0
2024-01-23,0.025,0.924,0.051,0.0,0.0
2024-01-24,0.0,0.949,0.05,0.001,0.0
2024-01-25,0.0,0.949,0.05,0.001,0.0
2024-01-26,0.0,0.949,0.051,0.0,0.0
2024-01-29,0.0,0.949,0.05,0.001,0.0
2024-01-30,0.0,0.949,0.05,0.001,0.0
2024-01-31,0.0,0.924,0.076,0.0,0.0
2024-02-01,0.0,0.949,0.051,0.0,0.0
2024-02-02,0.0,0.924,0.076,0.0,0.0
2024-02-05,0.025,0.899,0.076,0.0,0.0
2024-02-06,0.0,0.949,0.051,0.0,0.0
2024-02-07,0.025,0.924,0.051,0.0,0.0
2024-02-08,0.025,0.924,0.051,0.0,0.0
2024-02-09,0.025,0.924,0.051,0.0,0.0
2024-02-12,0.05,0.949,0.001,0.0,0.0
2024-02-13,0.1,0.849,0.051,0.0,0.0
2024-02-14,0.075,0.924,0.001,0.0,0.0
2024-02-15,0.1,0.899,0.001,0.0,0.0
2024-02-16,0.1,0.899,0.001,0.0,0.0
2024-02-20,0.075,0.924,0.001,0.0,0.0
2024-02-21,0.025,0.874,0.101,0.0,0.0
2024-02-22,0.0,0.999,0.001,0.0,0.0
2024-02-23,0.025,0.974,0.001,0.0,0.0
2024-02-26,0.05,0.949,0.001,0.0,0.0
2024-02-27,0.0,0.999,0.001,0.0,0.0
2024-02-28,0.0,0.999,0.001,0.0,0.0
2024-02-29,0.0,0.849,0.151,0.0,0.0
2024-03-01,0.0,0.999,0.001,0.0,0.0
2024-03-04,0.0,0.899,0.101,0.0,0.0
2024-03-05,0.0,0.999,0.001,0.0,0.0
2024-03-06,0.0,0.999,0.001,0.0,0.0
2024-03-07,0.0,0.999,0.0,0.001,0.0
2024-03-08,0.0,0.999,0.001,0.0,0.0
2024-03-11,0.0,0.999,0.001,0.0,0.0
2024-03-12,0.0,0.899,0.101,0.0,0.0
2024-03-13,0.025,0.874,0.1,0.001,0.0
2024-03-14,0.1,0.799,0.101,0.0,0.0
2024-03-15,0.1,0.699,0.201,0.0,0.0
2024-03-18,0.1,0.699,0.201,0.0,0.0
2024-03-19,0.1,0.699,0.201,0.0,0.0
2024-03-20,0.075,0.824,0.101,0.0,0.0
2024-03-21,0.05,0.849,0.1,0.001,0.0
2024-03-22,0.05,0.849,0.101,0.0,0.0
2024-03-25,0.1,0.799,0.101,0.0,0.0
2024-03-26,0.075,0.824,0.101,0.0,0.0
2024-03-27,0.075,0.824,0.1,0.001,0.0
2024-03-28,0.05,0.849,0.1,0.001,0.0
2024-04-01,0.1,0.799,0.101,0.0,0.0
2024-04-02,0.1,0.699,0.201,0.0,0.0
2024-04-03,0.1,0.699,0.201,0.0,0.0
2024-04-04,0.1,0.699,0.201,0.0,0.0
2024-04-05,0.1,0.699,0.201,0.0,0.0
2024-04-08,0.1,0.699,0.201,0.0,0.0
2024-04-09,0.1,0.699,0.201,0.0,0.0
2024-04-10,0.3,0.3,0.401,0.0,0.0
2024-04-11,0.3,0.3,0.401,0.0,0.0
2024-04-12,0.3,0.3,0.401,0.0,0.0
2024-04-15,0.3,0.3,0.401,0.0,0.0
2024-04-16,0.3,0.275,0.426,0.0,0.0
2024-04-17,0.0,0.275,0.724,0.0,0.001
2024-04-18,0.0,0.275,0.724,0.0,0.001
2024-04-19,0.0,0.375,0.624,0.0,0.001
2024-04-22,0.0,0.3,0.699,0.0,0.001
2024-04-23,0.3,0.3,0.401,0.0,0.0
2024-04-24,0.3,0.3,0.401,0.0,0.0
2024-04-25,0.3,0.3,0.401,0.0,0.0
2024-04-26,0.3,0.3,0.401,0.0,0.0
2024-04-29,0.25,0.35,0.401,0.0,0.0
2024-04-30,0.3,0.3,0.401,0.0,0.0
2024-05-01,0.3,0.3,0.401,0.0,0.0
2024-05-02,0.0,0.799,0.201,0.0,0.0
2024-05-03,0.0,0.799,0.201,0.0,0.0
2024-05-06,0.0,0.899,0.101,0.0,0.0
2024-05-07,0.0,0.899,0.101,0.0,0.0
2024-05-08,0.0,0.899,0.101,0.0,0.0
2024-05-09,0.0,0.799,0.201,0.0,0.0
2024-05-10,0.0,0.799,0.201,0.0,0.0
2024-05-13,0.0,0.799,0.201,0.0,0.0
2024-05-14,0.0,0.799,0.201,0.0,0.0
2024-05-15,0.0,0.799,0.2,0.001,0.0
2024-05-16,0.0,0.799,0.2,0.001,0.0
2024-05-17,0.0,0.799,0.201,0.0,0.0
2024-05-20,0.0,0.799,0.201,0.0,0.0
2024-05-21,0.0,0.799,0.201,0.0,0.0
2024-05-22,0.0,0.799,0.201,0.0,0.0
2024-05-23,0.0,0.799,0.201,0.0,0.0
2024-05-24,0.0,0.799,0.201,0.0,0.0
2024-05-28,0.025,0.774,0.201,0.0,0.0
2024-05-29,0.05,0.849,0.101,0.0,0.0
2024-05-30,0.075,0.724,0.201,0.0,0.0
2024-05-31,0.025,0.774,0.201,0.0,0.0
2024-06-03,0.0,0.799,0.201,0.0,0.0
2024-06-04,0.0,0.799,0.201,0.0,0.0
2024-06-05,0.0,0.799,0.201,0.0,0.0
2024-06-06,0.0,0.799,0.201,0.0,0.0
2024-06-07,0.0,0.899,0.101,0.0,0.0
2024-06-10,0.0,0.799,0.201,0.0,0.0
2024-06-11,0.0,0.899,0.101,0.0,0.0
2024-06-12,0.0,0.999,0.0,0.001,0.0
2024-06-13,0.0,0.899,0.1,0.001,0.0
2024-06-14,0.0,0.999,0.0,0.001,0.0
2024-06-17,0.0,0.899,0.1,0.001,0.0
2024-06-18,0.0,0.899,0.1,0.001,0.0
2024-06-20,0.0,0.899,0.101,0.0,0.0
2024-06-21,0.0,0.899,0.101,0.0,0.0
2024-06-24,0.0,0.899,0.101,0.0,0.0
2024-06-25,0.0,0.899,0.101,0.0,0.0
2024-06-26,0.025,0.874,0.101,0.0,0.0
2024-06-27,0.025,0.974,0.001,0.0,0.0
2024-06-28,0.05,0.849,0.101,0.0,0.0
2024-07-01,0.05,0.849,0.101,0.0,0.0
2024-07-02,0.05,0.849,0.101,0.0,0.0
2024-07-03,0.025,0.974,0.001,0.0,0.0
2024-07-05,0.05,0.949,0.0,0.001,0.0
2024-07-08,0.025,0.974,0.0,0.001,0.0
2024-07-09,0.025,0.974,0.0,0.001,0.0
2024-07-10,0.025,0.974,0.0,0.001,0.0
2024-07-11,0.05,0.949,0.001,0.0,0.0
2024-07-12,0.05,0.849,0.101,0.0,0.0
2024-07-15,0.075,0.924,0.0,0.001,0.0
2024-07-16,0.075,0.924,0.0,0.001,0.0
2024-07-17,0.1,0.899,0.0,0.001,0.0
2024-07-18,0.1,0.799,0.101,0.0,0.0
2024-07-19,0.1,0.699,0.201,0.0,0.0
2024-07-22,0.05,0.849,0.101,0.0,0.0
2024-07-23,0.05,0.949,0.001,0.0,0.0
2024-07-24,0.0,0.749,0.25,0.0,0.001
2024-07-25,0.0,0.774,0.225,0.0,0.001
2024-07-26,0.175,0.599,0.226,0.0,0.0
2024-07-29,0.175,0.599,0.226,0.0,0.0
2024-07-30,0.0,0.674,0.325,0.0,0.001
2024-07-31,0.175,0.724,0.101,0.0,0.0
2024-08-01,0.2,0.674,0.126,0.0,0.0
2024-08-02,0.0,0.749,0.25,0.0,0.001
2024-08-05,0.0,0.624,0.375,0.0,0.001
2024-08-06,0.0,0.524,0.475,0.0,0.001
2024-08-07,0.0,0.524,0.475,0.0,0.001
2024-08-08,0.1,0.649,0.251,0.0,0.0
2024-08-09,0.1,0.749,0.151,0.0,0.0
2024-08-12,0.1,0.749,0.151,0.0,0.0
2024-08-13,0.1,0.749,0.151,0.0,0.0
2024-08-14,0.1,0.749,0.151,0.0,0.0
2024-08-15,0.1,0.749,0.151,0.0,0.0
2024-08-16,0.125,0.724,0.151,0.0,0.0
2024-08-19,0.125,0.724,0.151,0.0,0.0
2024-08-20,0.15,0.699,0.151,0.0,0.0
2024-08-21,0.175,0.674,0.15,0.001,0.0
2024-08-22,0.2,0.649,0.151,0.0,0.0
2024-08-23,0.15,0.749,0.1,0.001,0.0
2024-08-26,0.125,0.774,0.1,0.001,0.0
2024-08-27,0.1,0.799,0.1,0.001,0.0
2024-08-28,0.1,0.799,0.101,0.0,0.0
2024-08-29,0.1,0.799,0.101,0.0,0.0
2024-08-30,0.1,0.799,0.1,0.001,0.0
2024-09-03,0.1,0.799,0.101,0.0,0.0
2024-09-04,0.175,0.699,0.125,0.001,0.0
2024-09-05,0.175,0.724,0.101,0.0,0.0
2024-09-06,0.0,0.674,0.325,0.0,0.001
2024-09-09,0.175,0.699,0.126,0.0,0.0
2024-09-10,0.2,0.649,0.151,0.0,0.0
2024-09-11,0.175,0.699,0.126,0.0,0.0
2024-09-12,0.175,0.724,0.101,0.0,0.0
2024-09-13,0.175,0.724,0.101,0.0,0.0
2024-09-16,0.175,0.724,0.101,0.0,0.0
2024-09-17,0.125,0.774,0.101,0.0,0.0
2024-09-18,0.1,0.749,0.151,0.0,0.0
2024-09-19,0.1,0.799,0.101,0.0,0.0
2024-09-20,0.1,0.799,0.101,0.0,0.0
2024-09-23,0.1,0.799,0.101,0.0,0.0
2024-09-24,0.1,0.799,0.101,0.0,0.0
2024-09-25,0.1,0.799,0.101,0.0,0.0
2024-09-26,0.1,0.799,0.101,0.0,0.0
2024-09-27,0.1,0.799,0.101,0.0,0.0
2024-09-30,0.1,0.799,0.101,0.0,0.0
2024-10-01,0.1,0.799,0.101,0.0,0.0
2024-10-02,0.1,0.799,0.101,0.0,0.0
2024-10-03,0.1,0.699,0.201,0.0,0.0
2024-10-04,0.1,0.699,0.201,0.0,0.0
2024-10-07,0.2,0.4,0.401,0.0,0.0
2024-10-08,0.1,0.699,0.201,0.0,0.0
2024-10-09,0.2,0.4,0.401,0.0,0.0
2024-10-10,0.2,0.4,0.401,0.0,0.0
2024-10-11,0.2,0.4,0.401,0.0,0.0
2024-10-14,0.2,0.4,0.401,0.0,0.0
2024-10-15,0.1,0.699,0.201,0.0,0.0
2024-10-16,0.1,0.799,0.101,0.0,0.0
2024-10-17,0.1,0.699,0.201,0.0,0.0
2024-10-18,0.1,0.699,0.201,0.0,0.0
2024-10-21,0.225,0.375,0.401,0.0,0.0
2024-10-22,0.225,0.375,0.401,0.0,0.0
2024-10-23,0.225,0.275,0.5,0.0,0.0
2024-10-24,0.225,0.275,0.5,0.0,0.0
2024-10-25,0.225,0.275,0.5,0.0,0.0
2024-10-28,0.225,0.275,0.5,0.0,0.0
2024-10-29,0.225,0.275,0.5,0.0,0.0
2024-10-30,0.225,0.275,0.5,0.0,0.0
2024-10-31,0.3,0.2,0.5,0.0,0.0
2024-11-01,0.3,0.2,0.5,0.0,0.0
2024-11-04,0.2,0.4,0.401,0.0,0.0
2024-11-05,0.2,0.4,0.401,0.0,0.0
2024-11-06,0.225,0.375,0.401,0.0,0.0
2024-11-07,0.025,0.874,0.101,0.0,0.0
2024-11-08,0.0,0.899,0.101,0.0,0.0
2024-11-11,0.0,0.899,0.101,0.0,0.0
2024-11-12,0.2,0.475,0.326,0.0,0.0
2024-11-13,0.2,0.375,0.426,0.0,0.0
2024-11-14,0.3,0.225,0.476,0.0,0.0
2024-11-15,0.3,0.2,0.5,0.0,0.0
2024-11-18,0.2,0.325,0.476,0.0,0.0
2024-11-19,0.2,0.375,0.426,0.0,0.0
2024-11-20,0.2,0.375,0.426,0.0,0.0
2024-11-21,0.2,0.35,0.451,0.0,0.0
2024-11-22,0.2,0.375,0.426,0.0,0.0
2024-11-25,0.0,0.874,0.126,0.0,0.0
2024-11-26,0.0,0.874,0.126,0.0,0.0
2024-11-27,0.1,0.774,0.126,0.0,0.0
2024-11-29,0.1,0.774,0.126,0.0,0.0
2024-12-02,0.1,0.774,0.126,0.0,0.0
2024-12-03,0.1,0.774,0.126,0.0,0.0
2024-12-04,0.1,0.774,0.126,0.0,0.0
2024-12-05,0.1,0.774,0.126,0.0,0.0
2024-12-06,0.125,0.749,0.126,0.0,0.0
2024-12-09,0.0,0.899,0.101,0.0,0.0
2024-12-10,0.025,0.849,0.126,0.0,0.0
2024-12-11,0.05,0.849,0.101,0.0,0.0
2024-12-12,0.05,0.824,0.126,0.0,0.0
2024-12-13,0.05,0.824,0.126,0.0,0.0
2024-12-16,0.05,0.824,0.126,0.0,0.0
2024-12-17,0.1,0.774,0.126,0.0,0.0
2024-12-18,0.3,0.2,0.5,0.0,0.0
2024-12-19,0.3,0.225,0.476,0.0,0.0
2024-12-20,0.3,0.25,0.451,0.0,0.0
2024-12-23,0.3,0.25,0.451,0.0,0.0
2024-12-24,0.3,0.25,0.451,0.0,0.0
2024-12-26,0.3,0.25,0.451,0.0,0.0
2024-12-27,0.3,0.25,0.451,0.0,0.0
2024-12-30,0.25,0.275,0.476,0.0,0.0
2024-12-31,0.375,0.15,0.476,0.0,0.0
2025-01-02,0.4,0.1,0.5,0.0,0.0
2025-01-03,0.4,0.1,0.5,0.0,0.0
2025-01-06,0.2,0.3,0.5,0.0,0.0
2025-01-07,0.375,0.125,0.5,0.0,0.0
2025-01-08,0.4,0.1,0.5,0.0,0.0
2025-01-10,0.4,0.1,0.5,0.0,0.0
2025-01-13,0.325,0.175,0.5,0.0,0.0
2025-01-14,0.325,0.175,0.5,0.0,0.0
2025-01-15,0.2,0.2,0.6,0.0,0.0
2025-01-16,0.2,0.3,0.5,0.0,0.0
2025-01-17,0.0,0.699,0.301,0.0,0.0
2025-01-21,0.0,0.824,0.176,0.0,0.0
2025-01-22,0.0,0.824,0.176,0.0,0.0
2025-01-23,0.0,0.824,0.176,0.0,0.0
2025-01-24,0.0,0.849,0.151,0.0,0.0
2025-01-27,0.0,0.624,0.376,0.0,0.0
2025-01-28,0.0,0.824,0.176,0.0,0.0
2025-01-29,0.0,0.724,0.276,0.0,0.0
2025-01-30,0.0,0.849,0.151,0.0,0.0
2025-01-31,0.0,0.724,0.276,0.0,0.0
2025-02-03,0.0,0.724,0.276,0.0,0.0
2025-02-04,0.0,0.849,0.151,0.0,0.0
2025-02-05,0.0,0.949,0.051,0.0,0.0
2025-02-06,0.0,0.849,0.151,0.0,0.0
2025-02-07,0.0,0.849,0.151,0.0,0.0
2025-02-10,0.0,0.849,0.151,0.0,0.0
2025-02-11,0.0,0.849,0.151,0.0,0.0
2025-02-12,0.225,0.325,0.451,0.0,0.0
2025-02-13,0.0,0.849,0.151,0.0,0.0
2025-02-14,0.0,0.899,0.101,0.0,0.0
2025-02-18,0.0,0.899,0.101,0.0,0.0
2025-02-19,0.025,0.874,0.101,0.0,0.0
2025-02-20,0.0,0.899,0.101,0.0,0.0
2025-02-21,0.0,0.999,0.001,0.0,0.0
2025-02-24,0.0,0.999,0.001,0.0,0.0
2025-02-25,0.1,0.799,0.1,0.001,0.0
2025-02-26,0.1,0.899,0.001,0.0,0.0
2025-02-27,0.0,0.524,0.475,0.0,0.001
2025-02-28,0.175,0.549,0.276,0.0,0.0
2025-03-03,0.0,0.624,0.375,0.0,0.001
2025-03-04,0.0,0.524,0.475,0.0,0.001
2025-03-05,0.2,0.5,0.301,0.0,0.0
2025-03-06,0.0,0.599,0.4,0.0,0.001
2025-03-07,0.1,0.599,0.301,0.0,0.0
2025-03-10,0.0,0.225,0.774,0.0,0.001
2025-03-11,0.0,0.35,0.649,0.0,0.001
2025-03-12,0.0,0.05,0.949,0.0,0.001
2025-03-13,0.0,0.15,0.849,0.0,0.001
2025-03-14,0.3,0.2,0.5,0.0,0.0
2025-03-17,0.275,0.425,0.301,0.0,0.0
2025-03-18,0.2,0.5,0.301,0.0,0.0
2025-03-19,0.3,0.4,0.301,0.0,0.0
2025-03-20,0.3,0.4,0.301,0.0,0.0
2025-03-21,0.3,0.4,0.301,0.0,0.0
2025-03-24,0.05,0.649,0.301,0.0,0.0
2025-03-25,0.1,0.699,0.201,0.0,0.0
2025-03-26,0.3,0.2,0.5,0.0,0.0
2025-03-27,0.3,0.15,0.55,0.0,0.0
2025-03-28,0.2,0.45,0.351,0.0,0.0
2025-03-31,0.225,0.425,0.351,0.0,0.0
2025-04-01,0.2,0.45,0.351,0.0,0.0
2025-04-02,0.2,0.549,0.251,0.0,0.0
2025-04-03,0.0,0.524,0.475,0.0,0.001
2025-04-04,0.0,0.5,0.5,0.0,0.001
2025-04-07,0.0,0.275,0.724,0.0,0.001
2025-04-08,0.0,0.275,0.724,0.0,0.001
2025-04-09,0.225,0.175,0.6,0.0,0.0
2025-04-10,0.2,0.2,0.6,0.0,0.0
2025-04-11,0.2,0.2,0.6,0.0,0.0
2025-04-14,0.2,0.225,0.575,0.0,0.0
2025-04-15,0.2,0.225,0.575,0.0,0.0
2025-04-16,0.1,0.3,0.6,0.0,0.0
2025-04-17,0.1,0.3,0.6,0.0,0.0
2025-04-21,0.1,0.3,0.6,0.0,0.0
2025-04-22,0.2,0.2,0.6,0.0,0.0
2025-04-23,0.2,0.2,0.6,0.0,0.0
2025-04-24,0.1,0.649,0.251,0.0,0.0
2025-04-25,0.1,0.699,0.201,0.0,0.0
2025-04-28,0.0,0.849,0.151,0.0,0.0
2025-04-29,0.1,0.749,0.151,0.0,0.0
2025-04-30,0.0,0.849,0.151,0.0,0.0
2025-05-01,0.1,0.699,0.201,0.0,0.0
2025-05-02,0.1,0.749,0.151,0.0,0.0
2025-05-05,0.225,0.574,0.201,0.0,0.0
2025-05-06,0.1,0.799,0.101,0.0,0.0
2025-05-07,0.1,0.749,0.151,0.0,0.0
2025-05-08,0.1,0.649,0.251,0.0,0.0
2025-05-09,0.1,0.649,0.251,0.0,0.0
2025-05-12,0.2,0.5,0.301,0.0,0.0
2025-05-13,0.2,0.549,0.251,0.0,0.0
2025-05-14,0.2,0.5,0.301,0.0,0.0
2025-05-15,0.0,0.999,0.001,0.0,0.0
2025-05-16,0.0,0.899,0.1,0.001,0.0
2025-05-19,0.0,0.799,0.2,0.001,0.0
2025-05-20,0.025,0.774,0.201,0.0,0.0
2025-05-21,0.225,0.275,0.5,0.0,0.0
2025-05-22,0.25,0.45,0.301,0.0,0.0
2025-05-23,0.3,0.3,0.401,0.0,0.0
2025-05-27,0.025,0.874,0.101,0.0,0.0
2025-05-28,0.025,0.874,0.101,0.0,0.0
2025-05-29,0.025,0.874,0.101,0.0,0.0
2025-05-30,0.05,0.749,0.201,0.0,0.0
2025-06-02,0.1,0.699,0.201,0.0,0.0
2025-06-03,0.025,0.874,0.101,0.0,0.0
2025-06-04,0.025,0.874,0.101,0.0,0.0
2025-06-05,0.025,0.874,0.101,0.0,0.0
2025-06-06,0.025,0.874,0.101,0.0,0.0
2025-06-09,0.025,0.874,0.101,0.0,0.0
2025-06-10,0.025,0.874,0.101,0.0,0.0
2025-06-11,0.0,0.899,0.101,0.0,0.0
2025-06-12,0.0,0.899,0.101,0.0,0.0
2025-06-13,0.0,0.899,0.101,0.0,0.0
2025-06-16,0.0,0.899,0.101,0.0,0.0
2025-06-17,0.0,0.899,0.101,0.0,0.0
2025-06-18,0.0,0.899,0.101,0.0,0.0
2025-06-20,0.0,0.899,0.101,0.0,0.0
2025-06-23,0.0,0.999,0.001,0.0,0.0
2025-06-24,0.0,0.999,0.001,0.0,0.0
2025-06-25,0.0,0.899,0.101,0.0,0.0
2025-06-26,0.0,0.999,0.001,0.0,0.0
2025-06-27,0.0,0.899,0.101,0.0,0.0
2025-06-30,0.0,0.999,0.001,0.0,0.0
2025-07-01,0.0,0.899,0.101,0.0,0.0
2025-07-02,0.0,0.899,0.101,0.0,0.0
2025-07-03,0.0,0.999,0.0,0.001,0.0
2025-07-07,0.0,0.999,0.001,0.0,0.0
2025-07-08,0.025,0.974,0.001,0.0,0.0
2025-07-09,0.025,0.974,0.001,0.0,0.0
2025-07-10,0.025,0.974,0.001,0.0,0.0
2025-07-11,0.05,0.949,0.001,0.0,0.0
2025-07-14,0.025,0.974,0.001,0.0,0.0
2025-07-15,0.025,0.874,0.101,0.0,0.0
2025-07-16,0.025,0.974,0.001,0.0,0.0
2025-07-17,0.025,0.974,0.001,0.0,0.0
2025-07-18,0.025,0.974,0.001,0.0,0.0
2025-07-21,0.025,0.974,0.001,0.0,0.0
2025-07-22,0.05,0.949,0.001,0.0,0.0
2025-07-23,0.075,0.824,0.1,0.001,0.0
2025-07-24,0.05,0.849,0.1,0.001,0.0
2025-07-25,0.05,0.849,0.1,0.001,0.0
2025-07-28,0.025,0.874,0.1,0.001,0.0
2025-07-29,0.025,0.974,0.001,0.0,0.0
2025-07-30,0.0,0.999,0.001,0.0,0.0
2025-07-31,0.0,0.999,0.001,0.0,0.0
2025-08-01,0.1,0.799,0.101,0.0,0.0
2025-08-04,0.1,0.799,0.101,0.0,0.0
2025-08-05,0.1,0.799,0.101,0.0,0.0
2025-08-06,0.0,0.999,0.001,0.0,0.0
2025-08-07,0.1,0.799,0.101,0.0,0.0
2025-08-08,0.0,0.899,0.101,0.0,0.0
2025-08-11,0.0,0.899,0.101,0.0,0.0
2025-08-12,0.0,0.899,0.101,0.0,0.0
2025-08-13,0.0,0.899,0.101,0.0,0.0
2025-08-14,0.025,0.874,0.101,0.0,0.0
2025-08-15,0.05,0.949,0.001,0.0,0.0
2025-08-18,0.075,0.924,0.001,0.0,0.0
2025-08-19,0.1,0.799,0.101,0.0,0.0
2025-08-20,0.1,0.799,0.101,0.0,0.0
2025-08-21,0.1,0.799,0.101,0.0,0.0
2025-08-22,0.075,0.824,0.101,0.0,0.0
2025-08-25,0.1,0.899,0.001,0.0,0.0
2025-08-26,0.075,0.924,0.001,0.0,0.0
2025-08-27,0.05,0.949,0.001,0.0,0.0
2025-08-28,0.0,0.999,0.001,0.0,0.0
2025-08-29,0.05,0.949,0.001,0.0,0.0
2025-09-02,0.075,0.824,0.101,0.0,0.0
2025-09-03,0.075,0.924,0.001,0.0,0.0
2025-09-04,0.05,0.949,0.001,0.0,0.0
2025-09-05,0.05,0.949,0.001,0.0,0.0
2025-09-08,0.05,0.949,0.001,0.0,0.0
2025-09-09,0.0,0.999,0.001,0.0,0.0
2025-09-10,0.0,0.999,0.001,0.0,0.0
2025-09-11,0.0,0.999,0.001,0.0,0.0
2025-09-12,0.0,0.999,0.001,0.0,0.0
2025-09-15,0.0,0.999,0.001,0.0,0.0
2025-09-16,0.0,0.999,0.001,0.0,0.0
2025-09-17,0.0,0.999,0.001,0.0,0.0
2025-09-18,0.0,0.999,0.001,0.0,0.0
2025-09-19,0.0,0.999,0.001,0.0,0.0
2025-09-22,0.0,0.999,0.0,0.001,0.0
2025-09-23,0.075,0.924,0.001,0.0,0.0
2025-09-24,0.0,0.999,0.001,0.0,0.0
2025-09-25,0.0,0.999,0.001,0.0,0.0
2025-09-26,0.0,0.999,0.001,0.0,0.0
2025-09-29,0.0,0.999,0.001,0.0,0.0
2025-09-30,0.0,0.899,0.101,0.0,0.0
2025-10-01,0.0,0.899,0.101,0.0,0.0
2025-10-02,0.0,0.899,0.101,0.0,0.0
2025-10-03,0.0,0.899,0.101,0.0,0.0
2025-10-06,0.0,0.899,0.101,0.0,0.0
2025-10-07,0.0,0.899,0.101,0.0,0.0
2025-10-08,0.0,0.899,0.101,0.0,0.0
2025-10-09,0.0,0.899,0.101,0.0,0.0
2025-10-10,0.175,0.724,0.101,0.0,0.0
2025-10-13,0.175,0.724,0.101,0.0,0.0
2025-10-14,0.175,0.724,0.101,0.0,0.0
2025-10-15,0.175,0.724,0.101,0.0,0.0
2025-10-16,0.175,0.724,0.101,0.0,0.0
2025-10-17,0.175,0.724,0.101,0.0,0.0
2025-10-20,0.1,0.799,0.101,0.0,0.0
2025-10-21,0.0,0.899,0.101,0.0,0.0
2025-10-22,0.1,0.799,0.101,0.0,0.0
2025-10-23,0.0,0.899,0.101,0.0,0.0
2025-10-24,0.0,0.899,0.101,0.0,0.0
2025-10-27,0.0,0.899,0.101,0.0,0.0
2025-10-28,0.0,0.899,0.101,0.0,0.0
2025-10-29,0.0,0.899,0.101,0.0,0.0
2025-10-30,0.0,0.899,0.101,0.0,0.0
2025-10-31,0.0,0.899,0.101,0.0,0.0
2025-11-03,0.0,0.899,0.101,0.0,0.0
2025-11-04,0.0,0.899,0.101,0.0,0.0
2025-11-05,0.0,0.899,0.101,0.0,0.0
2025-11-06,0.0,0.899,0.101,0.0,0.0
2025-11-07,0.0,0.899,0.101,0.0,0.0
2025-11-10,0.0,0.899,0.101,0.0,0.0
2025-11-11,0.0,0.899,0.101,0.0,0.0
2025-11-12,0.0,0.899,0.101,0.0,0.0
2025-11-13,0.0,0.799,0.201,0.0,0.0
2025-11-14,0.025,0.774,0.201,0.0,0.0
2025-11-17,0.1,0.699,0.201,0.0,0.0
2025-11-18,0.1,0.699,0.201,0.0,0.0
2025-11-19,0.1,0.699,0.201,0.0,0.0
2025-11-20,0.0,0.674,0.325,0.0,0.001
2025-11-21,0.1,0.674,0.226,0.0,0.0
2025-11-24,0.1,0.774,0.126,0.0,0.0
2025-11-25,0.1,0.774,0.126,0.0,0.0
2025-11-26,0.15,0.749,0.101,0.0,0.0
2025-11-28,0.125,0.774,0.101,0.0,0.0
2025-12-01,0.0,0.899,0.101,0.0,0.0
2025-12-02,0.0,0.774,0.226,0.0,0.0
2025-12-03,0.025,0.849,0.126,0.0,0.0
2025-12-04,0.0,0.774,0.226,0.0,0.0
2025-12-05,0.0,0.699,0.301,0.0,0.0
2025-12-08,0.025,0.749,0.226,0.0,0.0
2025-12-09,0.025,0.749,0.226,0.0,0.0
2025-12-10,0.025,0.874,0.101,0.0,0.0
2025-12-11,0.1,0.699,0.201,0.0,0.0
2025-12-12,0.1,0.549,0.351,0.0,0.0
2025-12-15,0.1,0.549,0.351,0.0,0.0
2025-12-16,0.1,0.649,0.251,0.0,0.0
2025-12-17,0.1,0.549,0.351,0.0,0.0
2025-12-18,0.1,0.649,0.251,0.0,0.0
2025-12-19,0.075,0.774,0.151,0.0,0.0
2025-12-22,0.1,0.749,0.151,0.0,0.0
2025-12-23,0.075,0.624,0.301,0.0,0.0
2025-12-24,0.075,0.824,0.101,0.0,0.0
2025-12-26,0.075,0.724,0.201,0.0,0.0
2025-12-29,0.0,0.799,0.201,0.0,0.0
2025-12-30,0.075,0.724,0.201,0.0,0.0
2025-12-31,0.175,0.475,0.351,0.0,0.0
2026-01-02,0.075,0.624,0.301,0.0,0.0
2026-01-05,0.075,0.624,0.301,0.0,0.0
2026-01-06,0.1,0.599,0.301,0.0,0.0
2026-01-07,0.0,0.899,0.101,0.0,0.0
2026-01-08,0.05,0.749,0.201,0.0,0.0
2026-01-09,0.05,0.749,0.201,0.0,0.0
2026-01-12,0.05,0.749,0.201,0.0,0.0
2026-01-13,0.05,0.749,0.201,0.0,0.0
2026-01-14,0.075,0.724,0.2,0.001,0.0
2026-01-15,0.05,0.749,0.2,0.001,0.0
2026-01-16,0.05,0.649,0.301,0.0,0.0
2026-01-20,0.175,0.325,0.5,0.001,0.0
2026-01-21,0.025,0.674,0.3,0.001,0.0
2026-01-22,0.075,0.624,0.301,0.0,0.0
2026-01-23,0.075,0.724,0.2,0.001,0.0
2026-01-26,0.05,0.749,0.201,0.0,0.0
2026-01-27,0.075,0.724,0.2,0.001,0.0
2026-01-28,0.075,0.724,0.201,0.0,0.0
2026-01-29,0.075,0.724,0.201,0.0,0.0
2026-01-30,0.0,0.699,0.301,0.0,0.0
2026-02-02,0.05,0.649,0.301,0.0,0.0
2026-02-03,0.1,0.599,0.3,0.001,0.0
2026-02-04,0.1,0.599,0.3,0.001,0.0
2026-02-05,0.0,0.599,0.4,0.001,0.0
2026-02-06,0.2,0.5,0.3,0.001,0.0
2026-02-09,0.1,0.599,0.3,0.001,0.0
2026-02-10,0.2,0.699,0.101,0.0,0.0
2026-02-11,0.175,0.724,0.1,0.001,0.0
2026-02-12,0.1,0.799,0.1,0.001,0.0
2026-02-13,0.15,0.749,0.1,0.001,0.0
2026-02-17,0.15,0.749,0.101,0.0,0.0
2026-02-18,0.15,0.749,0.101,0.0,0.0
2026-02-19,0.15,0.749,0.101,0.0,0.0
2026-02-20,0.15,0.749,0.101,0.0,0.0
2026-02-23,0.15,0.749,0.101,0.0,0.0
2026-02-24,0.15,0.749,0.101,0.0,0.0
2026-02-25,0.15,0.749,0.101,0.0,0.0
2026-02-26,0.175,0.724,0.101,0.0,0.0
2026-02-27,0.175,0.724,0.101,0.0,0.0
2026-03-02,0.2,0.699,0.101,0.0,0.0
2026-03-03,0.2,0.574,0.226,0.0,0.0
2026-03-04,0.2,0.674,0.126,0.0,0.0
2026-03-05,0.2,0.674,0.126,0.0,0.0
2026-03-06,0.3,0.175,0.525,0.0,0.0
2026-03-09,0.2,0.574,0.226,0.0,0.0
2026-03-10,0.3,0.275,0.426,0.0,0.0
2026-03-11,0.3,0.175,0.525,0.0,0.0
2026-03-12,0.3,0.05,0.65,0.0,0.0
2026-03-13,0.3,0.05,0.649,0.0,0.001
2026-03-16,0.3,0.075,0.625,0.0,0.0
2026-03-17,0.3,0.075,0.625,0.0,0.0
2026-03-18,0.3,0.05,0.65,0.0,0.0
2026-03-19,0.3,0.025,0.675,0.0,0.0
2026-03-20,0.0,0.025,0.974,0.0,0.001
2026-03-23,0.225,0.1,0.675,0.0,0.0
2026-03-24,0.225,0.075,0.7,0.0,0.0
2026-03-25,0.225,0.125,0.65,0.0,0.0
2026-03-26,0.0,0.0,0.999,0.0,0.001
2026-03-27,0.0,0.0,0.999,0.0,0.001
2026-03-30,0.0,0.0,0.999,0.0,0.001
2026-03-31,0.3,0.025,0.675,0.0,0.0
2026-04-01,0.3,0.025,0.675,0.0,0.0
2026-04-02,0.3,0.0,0.7,0.0,0.0
2026-04-06,0.3,0.0,0.7,0.0,0.0
2026-04-07,0.3,0.0,0.7,0.0,0.0
2026-04-08,0.1,0.699,0.201,0.0,0.0
2026-04-09,0.1,0.699,0.201,0.0,0.0
